x,1,2,3,4,5,6,7,8,9,10,11,12,13,14,15,16,17,18,19,20,21,22,23,24,25,26,27,28,29,30,31,32,33,34,35,36,37,38,39,40,41,42,43,44,45,46,47,48,49,50,51,52,53,54,55,56,57,58,59,60,61,62,63,64,65,66,67,68,69,70,71,72,73,74,75,76,77,78,79,80,81,82,83,84,85,86,87,88,89,90,91,92,93,94,95,96,97,98,99,100,101,102,103,104,105,106,107,108,109,110
var,abun,abun,abun,abun,abun,abun,abun,abun,abun,abun,abun,abun,abun,abun,abun,abun,abun,abun,abun,abun,abun,abun,abun,abun,abun,abun,abun,abun,abun,abun,abun,abun,abun,abun,abun,abun,abun,abun,abun,abun,abun,abun,abun,abun,abun,abun,abun,abun,abun,abun,abun,abun,abun,abun,abun,ici,ici,ici,ici,ici,ici,ici,ici,ici,ici,ici,ici,ici,ici,ici,ici,ici,ici,ici,ici,ici,ici,ici,ici,ici,ici,ici,ici,ici,ici,ici,ici,ici,ici,ici,ici,ici,ici,ici,ici,ici,ici,ici,ici,ici,ici,ici,ici,ici,ici,ici,ici,ici,ici,ici
status,healthy,healthy,healthy,healthy,healthy,healthy,healthy,healthy,healthy,healthy,healthy,healthy,healthy,healthy,healthy,healthy,healthy,healthy,healthy,healthy,crohn,crohn,crohn,crohn,crohn,crohn,crohn,crohn,crohn,crohn,crohn,crohn,crohn,crohn,crohn,crohn,crohn,crohn,crohn,crohn,crohn,crohn,crohn,crohn,crohn,crohn,crohn,uc,uc,uc,uc,uc,uc,uc,uc,healthy,healthy,healthy,healthy,healthy,healthy,healthy,healthy,healthy,healthy,healthy,healthy,healthy,healthy,healthy,healthy,healthy,healthy,healthy,healthy,crohn,crohn,crohn,crohn,crohn,crohn,crohn,crohn,crohn,crohn,crohn,crohn,crohn,crohn,crohn,crohn,crohn,crohn,crohn,crohn,crohn,crohn,crohn,crohn,crohn,crohn,crohn,uc,uc,uc,uc,uc,uc,uc,uc
subj,1,2,3,4,5,6,7,8,9,10,11,12,13,14,15,16,17,18,19,20,21,22,23,24,25,26,27,28,29,30,31,32,33,34,35,36,37,38,39,40,41,42,43,44,45,46,47,48,49,50,51,52,53,54,55,1,2,3,4,5,6,7,8,9,10,11,12,13,14,15,16,17,18,19,20,21,22,23,24,25,26,27,28,29,30,31,32,33,34,35,36,37,38,39,40,41,42,43,44,45,46,47,48,49,50,51,52,53,54,55
k__Bacteria;p__Firmicutes;c__Clostridia;o__Clostridiales;f__Lachnospiraceae;g__[Ruminococcus];s__torques,0,0.002,0,0.0002,0,0.001,0.0006,0.0028,0.0016,0,0.0002,0.0096,0.0008,0,0.0106,0,0,0.0174,0.003,0,0,0,0,0,0.0014,0.0014,0,0,0.0014,0,0.0006,0,0,0,0,NA,0,0,0.0084,NA,0.0052,0.002,0.0076,0,0.008,0,0.0324,0,0,0.0002,0,0.018,0,0,0.0048,0,2,0,37,1,77,45,145,87,0,0.0001,18.36363636,34,0,190,0,1,1144,652,0,0,0,0,0,38,9,0,8,37,0,3,0,1,0,0,12,0.0001,0,138,1,0.7,137,8.25,0,11.8,0,748,0,0,0.0001,0,218,0,0,18.5
k__Bacteria;p__Actinobacteria;c__Actinobacteria;o__Bifidobacteriales;f__Bifidobacteriaceae;g__Bifidobacterium;Other,0.0174,0.0004,0.05,0,0.0172,0.0432,0.056,0.0404,0.0402,0.0086,0,0.0446,0.0142,0.0028,0.0526,0.0092,0,0.0426,0.003,0.0198,0.0078,0,0.164,0.27,0.0486,0,0,0,0,0.2662,0.0044,0.0134,0,0.0022,0.0252,NA,0.0648,0.005,0.0006,NA,0.3932,0,0,0.0642,0.0198,0,0.0002,0,0.0152,0.1088,0.0148,0.012,0.0262,0.0002,0.0058,0.682539683,0.0001,8.351351351,1,0.626373626,2.528409091,1.792134831,8.176470588,3.025641026,2.157894737,0,12.85714286,8.65625,0.357142857,138,17,30,346,4,2.111111111,12,1,5.503546099,0.466533467,0.093632959,0,0,0,0,0.106588334,4.428571429,4.5625,0,1,22.9,1.212785388,0.247723133,0.555555556,1,0.442159383,0.075591216,0,0,63.66666667,1.113207547,0.0001,0.0001,24,3.968253968,1.359195402,7.727272727,106,176,0.0001,17
k__Bacteria;p__Verrucomicrobia;c__Verrucomicrobiae;o__Verrucomicrobiales;f__Verrucomicrobiaceae;g__Akkermansia;s__muciniphila,0.0006,0.0002,0,0,0.0208,0,0.0276,0.002,0.0006,0.0112,0.0004,0.0354,0.0008,0,0.0004,0.0056,0,0.0634,0.0072,0.0088,0,0,0,0.1112,0.0006,0.0532,0.2432,0.3332,0,0,0,0.0062,0.0032,0,0,NA,0,0,0,NA,0,0,0,0,0,0,0,0,0,0,0,0.1514,0,0.025,0,20,4,0,0,49.875,0,2.878787879,21,18,138,4,9.516129032,26,0,2,26.66666667,14,618,160.6,37,0,0,0,3.051470588,3,32,3.3187251,3.134042553,0,0,0,1.526315789,29,0,0,0.308888889,1,1,0,4.637931034,0,0,0,0,0,0,0,0,2,0,0,52.05263158,0,14.43902439,0
k__Bacteria;p__Firmicutes;c__Clostridia;o__Clostridiales;f__Lachnospiraceae;g__Dorea;s__formicigenerans,0.0022,0.0314,0.0208,0.004,0.0042,0.0088,0.0134,0.0188,0.0084,0.0138,0.0262,0.0072,0.0134,0.0102,0.0092,0.0176,0.01,0,0.0158,0.0098,0.0006,0,0,0,0.006,0,0,0,0,0.0194,0.0018,0.0004,0.0016,0.0176,0.0072,NA,0.0218,0,0.001,NA,0,0.0142,0,0,0.0022,0.0092,0.0276,0,0.0124,0.0452,0.0002,0,0,0.0046,0.0036,34.4,0.503144654,15.8,1.913043478,9.4,0.070175439,5.411764706,0.607594937,0.275862069,0.479166667,0.79,69.33333333,0.484375,16.5,0.261538462,483.5,1.148148148,0,0.185185185,11.125,3,0,0,0,0.142857143,0,0.0001,0,0,0.896551724,11,0.5,0.027777778,0.362318841,0.054794521,0,0.194842407,0,14,0.090909091,0,1.479166667,0,0,1.333333333,0.077922078,565,0,2.44,3.8,0.0001,0,0,0.463414634,1.571428571
k__Bacteria;p__Firmicutes;c__Clostridia;o__Clostridiales;f__Lachnospiraceae;g__Dorea;s__,0.0008,0.0004,0.0022,0.0002,0.003,0.0012,0.0006,0.0044,0.0056,0.0052,0.0142,0.0072,0.0016,0.003,0.024,0.0024,0.0024,0.0048,0.0008,0.0046,0.0128,0.0006,0,0.0004,0.0048,0.0238,0.1062,0.027,0.2622,0,0.0108,0.0004,0.0034,0.0078,0.0036,NA,0.003,0.0432,0.0004,NA,0.0516,0.0244,0.0578,0,0.019,0.0468,0.0288,0,0.0112,0.0082,0.0004,0.0372,0.0164,0.051,0,1.333333333,9,0.4,5,13,86,77,0.4,1,80,0.605633803,17.71428571,39.66666667,116,1.943396226,6.538461538,119,3.961538462,1.666666667,0.857142857,0.563106796,0.176470588,0.0001,0.2,0.966666667,0.038288288,0.262511804,5.309352518,1.995049505,0,63.25,0.0001,14,5.368421053,3.692307692,1,72,0.193771626,4.5,1.6875,12.49565217,31.53571429,1.659722222,0.0001,0.457746479,0.076666667,0.093607306,2,0.561643836,0.942857143,7,1.295597484,0.674556213,2.649484536,0
k__Bacteria;p__Firmicutes;c__Clostridia;o__Clostridiales;f__Christensenellaceae;g__;s__,0.0004,0.0002,0.0016,0,0.0002,0,0,0.0002,0,0,0,0.0008,0.0008,0.0004,0,0.0004,0.0004,0,0,0,0.0004,0,0,0,0.0002,0,0,0,0,0,0,0.0002,0.0016,0,0,NA,0,0,0.0008,NA,0,0,0,0,0,0,0,0,0.0004,0,0,0.002,0,0.007,0,6,0.666666667,0.75,0,1,0.0001,0,0.0001,0,1,0,0.0001,197,1,0,0.0001,0.0001,0,0.0001,0,0.0001,0,0,0,0.0001,0.166666667,0,0,0,0,0,1,0.0001,1,0.0001,0,0,0,0.0001,0,1,0,0,0,0.0001,0,0,0,0.0001,0,0,1,0,0.23255814,0
k__Bacteria;p__Firmicutes;c__Erysipelotrichi;o__Erysipelotrichales;f__Erysipelotrichaceae;g__;s__,0.0036,0.053,0.0014,0.008,0.0032,0.01,0.0186,0.001,0.0182,0.054,0.024,0.0058,0.0138,0.0002,0.0006,0.0012,0.0234,0.0042,0.0196,0.0158,0.0018,0,0,0,0.051,0.0128,0.0194,0.0068,0.0002,0.0002,0.0002,0.0024,0.02,0.02,0.0002,NA,0.0076,0.0018,0.0016,NA,0.0008,0.0244,0.0208,0,0.0016,0.0132,0.0544,0.0268,0.0224,0.0006,0.0286,0.0012,0.0304,0.0462,0.004,0.08,0.329787234,4.5,1.116666667,0.6,0.163636364,0.181818182,1,0.146153846,2.429411765,0.352941176,168,0.130841121,0.0001,0.0001,13,0.481132075,0.970588235,0.196850394,0.171171171,0.1,0,0,0,0.024193548,0.032258065,41.4,36,1,3,3,0.108695652,1.215686275,0.2,0.0001,0,0.396694215,1.333333333,0.538461538,0.0001,5,0.06557377,0.085616438,0,13,0.064516129,18.81818182,24.57142857,0.147058824,18,0.875,23,359,0.073170732,2.35
k__Bacteria;p__Firmicutes;c__Clostridia;o__Clostridiales;f__Ruminococcaceae;g__Faecalibacterium;Other,0.0088,0.0018,0.0278,0.0098,0.0094,0.0084,0.0016,0.0008,0.0074,0.016,0.04,0.0096,0.0172,0.008,0.0038,0.007,0.0126,0.0086,0.0006,0.0082,0,0,0,0,0.003,0.0142,0,0,0.0046,0,0.0074,0.0116,0.0042,0.044,0.0056,NA,0.0072,0.0066,0.0046,NA,0,0.0066,0.0004,0,0.0068,0,0,0,0.0078,0.003,0.0014,0,0.0014,0.0044,0.0012,1.88,0.583333333,0.164556962,0.25,3.222222222,8.234042553,12,0.333333333,0.371428571,0.518518519,158.2,11.35714286,12.04651163,0.65625,1.153846154,0.255319149,2.551724138,0.125,0.333333333,1.319148936,0,0,0,0,0.043478261,0.789473684,0,0,0.0001,0.0001,7.357142857,0.230769231,0.0001,2.146341463,0.0001,0,1.4,0.05,95,1,0,0.666666667,5,0,37,0,0.0001,0,0.666666667,0.0001,0.25,0,0.0001,0.0001,1.333333333
k__Bacteria;p__Firmicutes;c__Clostridia;o__Clostridiales;f__Veillonellaceae;g__Megasphaera;s__,0,0,0,0,0,0,0,0,0,0,0,0,0.0022,0.0084,0.0154,0,0,0,0,0,0,0,0,0.2378,0,0,0,0,0,0,0,0,0,0,0,NA,0,0,0,NA,0,0,0,0,0,0,0,0,0,0,0,0,0,0,0,0,0,0,0,0,0,0,0,0,0,0,1,0.0001,77,6,0,0,0,0,0,0,0,0,28.74444444,0,0,0,0,0,0,0,0,0,0,0,0,0,0,0,2.125,0,0,0,0,0.0001,0,0,0,0,0,0,0,0,0,0
k__Bacteria;p__Bacteroidetes;c__Bacteroidia;o__Bacteroidales;f__[Paraprevotellaceae];g__[Prevotella];s__,0,0,0,0,0,0,0,0,0,0,0,0,0,0.0038,0,0,0,0,0,0,0,0,0,0,0,0,0,0,0,0,0,0,0,0,0,NA,0,0,0,NA,0,0,0,0,0,0,0,0,0,0,0,0,0,0,0,0,0,0,0,0,0,0,0,0,0,0,0,0,156,0,0,0,0,0,0,0,0,0,0,0,0,0,0,0,0,0,0,0,0,0,0,0,0,0,0,0,0,0,0,0,0,0,0,0,0,0,0,0,0,0
k__Bacteria;p__Bacteroidetes;c__Bacteroidia;o__Bacteroidales;f__Bacteroidaceae;g__Bacteroides;s__fragilis,0.001,0,0,0,0,0,0,0,0,0,0,0,0,0,0,0,0,0.0056,0,0,0,0,0,0,0,0,0.0088,0.0104,0,0,0,0,0,0,0.015,NA,0,0,0,NA,0,0,0,0,0,0.0018,0.0134,0.0036,0,0.0034,0.0832,0.0234,0.007,0.0002,0,3,1,0,1,0,0,0,0,0,0,0,0.0001,0,0,0,0,0,68,0,0,0,0,0,0,0,0,6,4.4,0,0,0,0,0,0,0.675,0,0,0,0,0,0,0,0,0.0001,0,0.333333333,9.375,13,0,3.5,36.57894737,37.8,24,1,0.0001
k__Bacteria;p__Proteobacteria;c__Gammaproteobacteria;o__Enterobacteriales;f__Enterobacteriaceae;Other;Other,0,0.0086,0,0,0,0.0002,0,0,0,0.002,0,0,0,0.001,0,0,0,0.0008,0,0,0,0,0.0004,0.164,0,0,0.0994,0,0.0016,0.0002,0.014,0,0.0002,0,0.0226,NA,0.0018,0,0.0006,NA,0.036,0.0008,0,0.0012,0.0098,0.009,0.004,0.0014,0,0,0.0198,0,0,0,0.0168,0,11.38461538,0,23,0,33,0,3,0,12,0,0,0,28,0,0,1,42,0,0.0001,0,0,5.5,0.72994012,1,3,0.266666667,1,74,4,0.28358209,2,0.0001,0,5.276315789,0,39,1,14,4,2.134831461,16,0,3,20.66666667,4.333333333,53,1,0,0,48.6,0,0,1,0.93220339
k__Bacteria;p__Actinobacteria;c__Actinobacteria;o__Bifidobacteriales;f__Bifidobacteriaceae;g__Bifidobacterium;s__,0.0134,0,0.0074,0,0.003,0.1134,0.11,0.014,0,0.009,0,0.0016,0.023,0,0,0.003,0,0.0006,0.0014,0.0086,0.0008,0,0.0146,0,0,0,0,0,0,0.0468,0.0092,0.0006,0,0.0682,0.0196,NA,0.2618,0.036,0.004,NA,0.0066,0.0002,0,0.7222,0,0,0.0748,0.004,0.013,0.006,0.021,0,0.0006,0.0014,0.0026,0.294117647,0,3.066666667,0,49.25,4.254826255,0.462686567,1.074626866,0,2.15942029,0,25,1.151898734,0,1,0.153846154,11,10,0.333333333,0.860465116,1,0,4,0.0001,0.0001,0.0001,0,0,3,50.23076923,3.642857143,0.222222222,0,0.572327044,51.375,102.1428571,12.59069767,1.203125,9.333333333,3,3.25,3,0,0.749395161,1,0,0.258536585,25,0.189655172,2.833333333,187,0,5,4,44
k__Bacteria;p__Firmicutes;c__Clostridia;o__Clostridiales;f__Lachnospiraceae;g__[Ruminococcus];Other,0,0.0002,0,0.0002,0,0,0,0.0002,0.0008,0,0,0.0008,0,0,0.0036,0,0,0.0022,0.0002,0,0,0,0,0,0.0002,0.0002,0,0,0.0002,0,0,0,0,0,0,NA,0,0,0.0002,NA,0.0002,0,0.0002,0,0.001,0,0.0004,0,0,0,0,0,0,0,0.0006,0,0.0001,0,0.0001,0,3,2,6,5,0,0,8.25,1,0,44,0,0,8,26,0,0,0,0,0,22,0.0001,0,0,0.0001,0,0,0,0,0,0,0,0,0,1,0,1,5,14,0,7,0,1,0,0,0,0,1,0,0,4
k__Bacteria;p__Firmicutes;c__Clostridia;o__Clostridiales;f__Ruminococcaceae;g__Ruminococcus;s__callidus,0.0008,0.018,0,0,0.0066,0,0.0016,0,0,0,0,0.0022,0.007,0.0018,0,0,0,0,0,0,0,0,0,0,0.0082,0.0038,0,0,0,0,0,0,0.0002,0,0,NA,0,0,0,NA,0,0,0,0,0,0,0,0,0.0018,0.0002,0,0,0,0,0,2,0.387096774,0,0,0.533333333,0,1.428571429,0,0,0,0,0.230769231,39,22,0,0,0,0,0,0,0,0,0,0,1.463414634,3.333333333,0,0,0,0,0,0.0001,0.0001,0,0,0,0,0,0,0,0,0,0,0,0,0,0,0,4.8,0.0001,0,0,0,0,0
k__Bacteria;p__Firmicutes;c__Clostridia;o__Clostridiales;f__Clostridiaceae;g__SMB53;s__,0,0.0002,0.0012,0.0042,0,0.0022,0.0004,0.0068,0.0034,0.0028,0.002,0.001,0.0022,0,0,0.0002,0.0002,0.0008,0.004,0.0016,0.0002,0,0,0,0.0012,0.0032,0,0,0.0002,0,0,0.0024,0.0006,0,0,NA,0,0,0,NA,0,0.003,0.0002,0,0.0016,0.0006,0.0098,0.0062,0,0.0012,0,0.0002,0,0.0008,0,2,3,1.166666667,8,1,2.6,1.5,1.433333333,31.66666667,0.818181818,0.8,0.75,1.363636364,0,0,2,5,11,0.846153846,1.5,0.0001,0,0,0,2.666666667,2.714285714,0,0,0.0001,0,0,20,12,1,0.333333333,0,0,0,0,1,0,3.75,3,0,0.571428571,5,138,4.2,6,2,0,0.0001,0.0001,7.666666667,0
k__Bacteria;p__Firmicutes;c__Erysipelotrichi;o__Erysipelotrichales;f__Erysipelotrichaceae;Other;Other,0,0,0,0,0,0,0,0.0002,0.0008,0,0,0,0,0,0.0014,0,0,0.0032,0.0004,0,0,0,0,0,0.0028,0.0052,0,0,0.0002,0,0,0,0,0.0018,0.003,NA,0,0,0,NA,0.0002,0.002,0.0174,0,0,0.0008,0.0136,0,0.001,0.001,0,0.0002,0.0006,0.0008,0.0008,0,1,4,1,0,3,10,5,21,0,0,1,0,0,29,0,1,15.5,2,2,0,0,0,0,1.4,25,0,0,1,0,0,2,0,90,10.72727273,0,0,0,0,3,13,164,19.5,0,0,7,84,0,18.5,2.2,0,8,15,9,52
k__Bacteria;p__Firmicutes;c__Bacilli;o__Lactobacillales;f__Streptococcaceae;g__Streptococcus;Other,0,0.0006,0.0002,0.0012,0.0008,0.002,0.0006,0.0052,0.0004,0.0012,0.0018,0.0026,0.0002,0.0006,0,0,0,0.0014,0.0028,0.0002,0.0006,0.0002,0.0002,0.0002,0.0012,0.0004,0.0008,0.0002,0.004,0.0026,0.0114,0,0.0004,0.0002,0.0032,NA,0.0008,0.0014,0.0008,NA,0.0044,0.0024,0.0166,0,0.0004,0.002,0.0018,0.0004,0,0.0006,0.0002,0,0.0014,0.0006,0.0046,0,0.0001,2,32,1,0.5,0.0001,0.4375,3,14,0.142857143,2.285714286,0.0001,1,1,0.0001,0,2,0.1875,1,2,3,3,0.0001,0.3,1,0.0001,2,1,4.75,1.56,0,0.0001,1,0.409090909,0,8,14,7,2,15.33333333,2,78,1,0.2,9,1.2,1,0.0001,0.5,0.0001,0,0.0001,0.0001,2
k__Bacteria;p__Firmicutes;c__Clostridia;o__Clostridiales;f__Lachnospiraceae;g__[Ruminococcus];s__gnavus,0.0016,0.0088,0.0008,0.0168,0.007,0.013,0.007,0.0338,0.0142,0.019,0.0302,0.0298,0.0062,0.0128,0.0424,0.0468,0.007,0.0094,0.0336,0.0088,0.0096,0.103,0,0.0022,0.0196,0.0796,0.2098,0.0096,0.0114,0,0.0462,0.0012,0.0092,0.0478,0.004,NA,0.0288,0.014,0.0058,NA,0.0126,0.0062,0.0478,0.0002,0.0476,0.0086,0.045,0.0366,0.0114,0.0188,0.0436,0.0086,0.0136,0.008,0.0988,12,6.210526316,2,27.22727273,0.413793103,0.240506329,1.130434783,0.946236559,0.323529412,2.836363636,0.067510549,0.190184049,0.208333333,4.611111111,1.127071823,13.81081081,2.55,0.983870968,1.566964286,0.982758621,0.956521739,1.820247934,0,0.333333333,0.010695187,6.516129032,8.015625,0.897196262,0.971428571,0,0.082978723,0.0001,4.476190476,0.882352941,2.04,6.714285714,1.183673469,0.705035971,37.5,136,41.52941176,2.105263158,14.38095238,0.0001,0.154734411,4.333333333,0.392694064,2.414893617,0.15,1.729508197,19.54166667,6,18.33333333,0.666666667,1.169960474
k__Bacteria;p__Firmicutes;c__Clostridia;o__Clostridiales;f__;g__;s__,0.0294,0.0374,0,0.0004,0.0114,0,0.0042,0.0104,0.0024,0.0034,0.0296,0.0028,0.0546,0.0018,0,0.005,0.003,0,0.0244,0.0254,0,0,0,0,0.0042,0,0,0,0,0,0,0.011,0,0.0268,0.011,NA,0.001,0,0.0114,NA,0,0.0006,0,0,0,0,0,0,0.0268,0,0,0,0,0.0122,0,2.731707317,0.067010309,0,8,1,0,0.1,1.142857143,1.083333333,4.25,0.053921569,0.5,0.53633218,30,0,0.176470588,0.461538462,0,19.625,0.16,0,0,0,0.0001,0.303030303,0,0,0,0,0,0,1.348837209,0,0.757575758,0.204081633,1,3,0,15.83333333,0,0,3,0,0,0,0,0,0,0.831858407,0,0,0,0,0.796296296,0
k__Bacteria;p__Firmicutes;c__Bacilli;o__Lactobacillales;f__Streptococcaceae;g__Lactococcus;s__,0.0004,0,0.0004,0.013,0,0.0032,0,0.0478,0.0008,0.0004,0.0014,0.0022,0.0104,0.0004,0.0006,0.0002,0,0.0004,0.0002,0,0.0006,0,0,0,0.0002,0.0002,0,0,0.0232,0,0,0,0,0,0,NA,0.0014,0,0.0008,NA,0.0004,0,0,0,0,0.0002,0.015,0,0.0016,0.0032,0.0004,0.0008,0.0002,0.0002,0.0006,4,0,1,6.238095238,1,0.0001,0,0.317016317,7,8,1,3.5,0.613636364,30,0.0001,0.0001,2,0.0001,1,5,1,1,0,1,4,0.0001,0,0,0.47761194,0,0,0,0,0,0,1,4,0,8,0,1,1,0,0,1.5,0.5,1.258064516,0,3.666666667,0.142857143,0.0001,0.4,0.0001,0.666666667,4.5
k__Bacteria;p__Firmicutes;c__Clostridia;o__Clostridiales;f__Lachnospiraceae;g__Dorea;Other,0.0002,0.0016,0.0022,0.0002,0,0.0002,0.0002,0.0006,0.0004,0.0008,0.0014,0.001,0,0.0004,0.0006,0.0004,0.0006,0,0.0004,0.0006,0,0.0002,0,0,0.0004,0,0,0.0002,0.0004,0.0018,0.0002,0,0,0.0006,0,NA,0.0006,0.0002,0,NA,0,0.0002,0.0002,0,0.0004,0.0002,0,0,0.0002,0.0022,0,0,0,0.0006,0.001,0.0001,0.0001,10,0.0001,3,0.0001,1,1,0.0001,0.0001,0.166666667,16,0.0001,0.0001,2,28,0.0001,0,0.0001,0.5,3,0.0001,0,0,1,0,0,0.0001,0.0001,0.428571429,0.0001,0,0,0.0001,0,0,0.0001,4,0,0,0,2,2,0,0.0001,0.0001,0,0,0.0001,3,0,0,0,0.0001,0.0001
k__Bacteria;p__Proteobacteria;c__Betaproteobacteria;o__Burkholderiales;f__Alcaligenaceae;g__Sutterella;s__,0.0046,0,0.0018,0,0,0.0012,0,0,0.0002,0.0004,0,0,0.0002,0.0002,0,0,0.008,0,0,0,0.0024,0,0,0,0,0,0,0.0118,0,0.0518,0.003,0.0002,0.0044,0,0.002,NA,0.0002,0.0226,0.003,NA,0,0,0.0002,0.0008,0,0,0,0.0312,0.0008,0,0.0178,0.0006,0.0124,0,0,9.25,0,29,0,0,0.444444444,0,1,3,1,0,0,0.0001,1.5,0,0,0.166666667,0,0,1,0.4,0,0,0,0,0,0,1.8,0,0.058608059,0.0001,0.0001,0.5,0,0.0001,0.791666667,0.066666667,9,0.454545455,8,0,0,0.0001,0.0001,0,0,0,0.35483871,0.0001,0,22.5,0.0001,1.727272727,0,0
k__Bacteria;p__Firmicutes;c__Clostridia;o__Clostridiales;f__Veillonellaceae;g__Dialister;s__,0.0156,0,0.012,0.0296,0.0068,0,0.0034,0.002,0,0,0,0,0.0026,0.03,0.0002,0,0,0.0306,0,0.0024,0.0484,0,0,0.0004,0.0002,0.0958,0.0002,0,0.0014,0.0056,0.0006,0,0,0.0064,0.0216,NA,0.0008,0.0258,0,NA,0,0.0196,0.0002,0,0.0008,0,0.0048,0.0172,0.001,0.0032,0,0.1556,0.0706,0,0,0.104,0,31,4.45,0.133333333,1,0.333333333,0.714285714,0,0,0,0,0.04,3.352941176,0.0001,0,1,5,0,0.545454545,2.130434783,0.0001,0,0.142857143,0.0001,31.5,0.0001,0,1.5,18.5,2,0,0,0.2,96,4.891891892,1,0.212765957,0,3.074074074,0,17,0.0001,0,2.5,0,30,9.157894737,17,1.8,0,0.207492795,28,0,0
k__Bacteria;p__Firmicutes;c__Clostridia;o__Clostridiales;f__Ruminococcaceae;g__Ruminococcus;Other,0.0004,0.007,0.0362,0.0004,0.0082,0.001,0.0066,0.021,0.028,0,0.0306,0.0074,0.0592,0.002,0,0.005,0,0.0346,0.0074,0.0082,0,0,0,0,0.0274,0.0056,0,0,0.0002,0,0.001,0,0,0.003,0.0018,NA,0,0,0.0072,NA,0.0224,0.0458,0,0,0.0124,0,0,0,0.0112,0,0,0,0.0046,0.016,0,1.6,0.02,0.051980198,0.0001,0.215686275,0.375,0.318181818,1.873786408,0.691823899,0,24.22972973,0.025,1.349152542,8,0,0.0001,5,0.090909091,0.209677419,0.935483871,0.0001,0.0001,0,0,0.01986755,0.027210884,0,0,0.0001,0,0.0001,0,0,0.555555556,0.095238095,5.75,0,0,1.666666667,0.041666667,0.075471698,0.070422535,0,0,0.030769231,0,0,0,0.0375,0,0,0,0.074626866,0.079365079,0
k__Bacteria;p__Firmicutes;c__Clostridia;o__Clostridiales;f__Lachnospiraceae;g__[Ruminococcus];s__,0.004,0.0034,0.0004,0.0222,0.0056,0.0088,0.0022,0.0198,0.014,0.0154,0.006,0.012,0.0016,0.0102,0.0094,0.0122,0.009,0.0066,0.017,0.0016,0.0012,0.0008,0,0.0036,0.0126,0.005,0.0088,0.0016,0.003,0,0,0,0.0004,0.0042,0.0046,NA,0.0094,0.0004,0.0004,NA,0,0.0014,0.0076,0,0.051,0.0232,0.0486,0,0.0008,0.013,0.0018,0.0054,0.0044,0.0222,0.0094,2.115384615,0.291666667,1,3.62345679,11.125,15.8,0.666666667,1.551282051,2.609756098,5.695652174,7.5,0.333333333,0.2,5.518518519,0.111111111,0.133333333,0.409090909,1.25,1.774193548,1.272727273,0.153846154,3,0,21,0.108433735,0.1,0.866666667,0.013333333,0.761904762,0,0.5,0,0.0001,2.2,1.941176471,0.5625,121,2,4,0.388888889,0,5.285714286,0.047619048,0,0.342710997,0.129166667,0.644670051,0,3,0.055555556,0.4,0.027522936,0.46875,0.205479452,0.295774648
k__Bacteria;p__Firmicutes;c__Clostridia;o__Clostridiales;f__Lachnospiraceae;g__Blautia;s__producta,0,0.0018,0.0106,0,0,0.0048,0.001,0.0042,0,0.0004,0.0036,0,0.0058,0.0008,0.1302,0.0034,0.0012,0.007,0,0.0026,0.0186,0,0,0,0,0.0006,0.0998,0.0048,0.04,0.0016,0.0008,0.0008,0.0012,0,0.0138,NA,0,0.0056,0,NA,0.0376,0.022,0.1388,0,0.013,0.225,0.0326,0,0,0.007,0.0142,0.0162,0.0114,0.0052,0.1206,0,1.6,8.096774194,0,5,8.176470588,0.0001,0.233333333,0.0001,4,0.666666667,0.0001,0.090909091,21,1.90224359,9.833333333,2.25,0.774193548,0.0001,0.12,2.378787879,0,0,0,0,0.1,0.652173913,0.136986301,2.816176471,25.5,0.0001,0.333333333,0.25,3,11.69230769,0.2,0,103,0.0001,0.5,0.263345196,1.290322581,16.82105263,0,7.454545455,236.2307692,0.530534351,1,1,0.532608696,0.858695652,0.642201835,23.625,0.047619048,0.426751592
k__Bacteria;p__Firmicutes;c__Clostridia;o__Clostridiales;f__Lachnospiraceae;g__Blautia;Other,0.0004,0.0044,0.0004,0.0002,0.002,0.0012,0.001,0.002,0.0012,0.0028,0.0064,0.0092,0.0012,0.0012,0.1034,0.0012,0.0002,0,0.0136,0.0038,0,0,0,0,0.0046,0.0014,0,0,0.001,0,0.0002,0.0004,0.0184,0.0014,0.0004,NA,0.0008,0.0002,0.0008,NA,0.0002,0.001,0.0064,0,0.0004,0.0688,0,0,0.0016,0,0.0002,0,0,0.0082,0.0034,5,0.571428571,1.5,0.0001,2.2,1,0.416666667,0.333333333,2.166666667,1.428571429,0.060606061,0.153846154,0.666666667,13.66666667,8.438596491,4.75,2.5,0,0.13559322,1.090909091,0.0001,1,0,0.666666667,0.257142857,0.5,0,0,0.0001,0,0.0001,0.2,0.087557604,38,7,0,0.333333333,3,13,0.0001,2,0.166666667,77,0,3,0.025641026,0,0,12,0,0.0001,0,0,11.66666667,0.0001
k__Bacteria;p__Firmicutes;c__Clostridia;o__Clostridiales;f__Ruminococcaceae;g__;s__,0.007,0.0236,0.0064,0.0022,0.0026,0.0002,0.0016,0.0004,0.0062,0.0048,0.001,0.0016,0.017,0.0038,0.0024,0.0088,0.0006,0.0004,0.0184,0.009,0.004,0.0164,0,0.0004,0.001,0.003,0,0,0.002,0,0.004,0.0026,0.005,0.0378,0.0126,NA,0.0016,0.0212,0,NA,0,0.003,0.0004,0,0.001,0,0.0018,0,0.0094,0.0348,0.003,0.0014,0.0006,0.0194,0,6.625,1.644736842,0.047619048,0.0001,0.857142857,0.25,0.0001,5,0.060606061,1.0625,1,0.181818182,0.095238095,16.25,0.050847458,0.017857143,0.714285714,0.0001,1.87037037,0.114754098,0.026785714,0.0001,0,0.0001,1.75,0.0001,0,0.0001,0.0001,0,0.015151515,0.619047619,0.678571429,11.32,0.014814815,0.103448276,0.178571429,0.019323671,0.0001,0.727272727,0,124,0.0001,0,0.037037037,0,0.0001,0,0.092307692,2.010309278,0.909090909,0.0001,0.125,0.357142857,0.0001
k__Bacteria;p__Firmicutes;c__Clostridia;o__Clostridiales;f__Lachnospiraceae;g__Coprococcus;s__catus,0.0028,0,0,0,0.0006,0.0006,0,0,0.0028,0.0006,0.0012,0.003,0.0002,0.0006,0.0004,0,0.0016,0,0,0.0014,0,0,0,0,0.001,0,0,0,0,0,0.001,0.0008,0,0.0164,0.0024,NA,0.0014,0,0.0016,NA,0,0.0028,0,0,0,0,0,0,0.003,0.0036,0,0,0,0.0038,0,1.785714286,0.666666667,0,0,1,0.111111111,0,0.0001,0.0001,4.75,0.047619048,0.428571429,0.0001,13,0.0001,0,0.0001,0,0,0.529411765,0,0,0,2,0.166666667,0,0,0,0,0,14,0.25,0,2.302631579,0.047619048,0,16,0,5,1.25,0,0.833333333,0,0,0,0,0,0,1,0.079365079,0,1,0,3,0
k__Bacteria;p__Actinobacteria;c__Coriobacteriia;o__Coriobacteriales;f__Coriobacteriaceae;g__Slackia;s__,0,0,0,0,0,0,0,0,0,0,0,0,0,0.0012,0.001,0.0044,0,0,0,0.001,0,0,0,0,0.0064,0,0,0,0,0,0,0,0,0,0,NA,0,0,0.0018,NA,0,0,0,0.0012,0,0.0502,0,0,0.0004,0,0,0,0,0,0,1,0,0,0,0,0,0,0,0,0,0,0,0,18,0.5,0.037037037,1,0,0,2,0,0,0,0,0.075471698,0,0,0,0,0,0,0,0,0,0,0,0,0,0.166666667,0,0,0,0,16,0,0.057591623,0,0,2,0,0,0,0,0,0
k__Bacteria;p__Firmicutes;c__Clostridia;o__Clostridiales;f__Lachnospiraceae;g__Coprococcus;s__eutactus,0.013,0.0226,0,0,0,0,0.0004,0,0,0,0.0078,0,0.0286,0.009,0,0,0,0,0,0.0198,0,0,0,0,0.001,0,0,0,0,0,0,0.001,0,0,0,NA,0,0,0,NA,0,0,0.0002,0,0,0,0,0,0,0,0,0,0,0,0,0.4,0.208791209,0,0,0,0,4.5,0,0,0,0.014705882,0,0.142857143,14.6,0,0,4,0,0,0.11409396,0,0,0,0,0.2,0,1,0,0,0,0,0.0001,0.0001,0,0,0,0,0,0,0,0,0,0.0001,0,0,0,0,0,0,0,0,0,0,0,0
k__Bacteria;p__Actinobacteria;c__Actinobacteria;o__Bifidobacteriales;f__Bifidobacteriaceae;g__Bifidobacterium;s__adolescentis,0.111,0.0078,0.0666,0,0.2944,0.0004,0.112,0.0738,0,0.0094,0,0.0018,0.037,0.0254,0.0022,0,0,0.0002,0,0.0268,0.03,0,0.0012,0,0.0002,0,0,0,0.0004,0.0214,0.0018,0.3156,0,0,0.0764,NA,0.0296,0,0,NA,0.0026,0,0,0,0.029,0,0,0,0.1292,0.0012,0.0002,0,0,0,0.0258,1.082959641,0.50877193,0.737012987,0,0.588554514,0.0001,5.035087719,1.284172662,3,2.727272727,0,5.5,0.681818182,0.552631579,7.5,0,23,1,0,0.274336283,0.052486188,0,2.5,0.0001,0.0001,0,0,0,0.0001,4.363636364,0.181818182,1.180851064,1,2,0.037709497,0.272727273,0.338983051,0,0,91.33333333,0.0001,0,0,2,1.396825397,0,0,0,0.246376812,1,0.0001,0.5,1,0,670
k__Bacteria;p__Bacteroidetes;c__Bacteroidia;o__Bacteroidales;f__Porphyromonadaceae;g__Parabacteroides;Other,0.0006,0,0,0,0,0,0,0,0,0,0,0,0,0,0,0,0,0,0,0,0,0,0,0,0,0,0.0022,0,0,0,0,0,0,0,0,NA,0,0,0,NA,0,0,0,0,0,0,0,0,0,0,0,0,0,0,0,24,0,0,0,0.0001,0,0,0,0,0,0,0,0,0,0,0,0.0001,0,0,0,0,0,0,0,0,0,39,0,0,0,0,0,0,0,0,0,0,0,0,0,0,0,0,0,0,0,0,0,0,0,0,0,0,0,0
k__Archaea;p__Euryarchaeota;c__Methanobacteria;o__Methanobacteriales;f__Methanobacteriaceae;g__Methanobrevibacter;s__,0.0004,0.0006,0,0,0.0062,0,0,0.0014,0,0,0,0,0.0008,0.0056,0,0,0,0,0,0.0006,0,0,0,0,0,0,0,0,0,0,0,0.0598,0.001,0,0,NA,0,0,0,NA,0,0,0,0,0,0,0,0,0,0,0,0,0,0,0,0.5,11,0,0,0.307692308,0,0,15,0,0,0,0,1,3.5,0,0,1,0,0,0.0001,0.0001,0,0,0,0,0,0,0,0,0,0,132.5714286,6,0,0,0,0,0,0,0,0,0,0,0,0,0,0,0,0,0,0,0,0,0,0
k__Bacteria;p__Actinobacteria;c__Actinobacteria;o__Actinomycetales;f__Actinomycetaceae;g__Actinomyces;s__,0,0.001,0.0002,0.0002,0,0.0002,0.0004,0.0044,0,0.0004,0,0.0008,0.0008,0.0002,0.0008,0.0002,0.0002,0.0004,0.0012,0,0.0006,0.0002,0,0,0.0014,0.0008,0.001,0.0004,0.0006,0.0008,0.0012,0.0004,0.0012,0.0006,0.0038,NA,0.0012,0,0.0002,NA,0.0018,0.001,0.007,0,0.0004,0.0044,0.0002,0.0002,0,0.002,0.0002,0.0004,0.001,0.0002,0.0006,0,4.5,1,5,1,1,5,0.466666667,11,1,0.666666667,1,7,0.0001,0.25,1,0.0001,6,3,7,2,1,0,1,1,3,9,0.0001,2,32,30,1,7,4,0.321428571,11,5,4,5,8,0.6,13.5,18,0,0.0001,11.66666667,2,0.0001,2,10,1,6,3,12,5
k__Bacteria;p__Firmicutes;c__Clostridia;o__Clostridiales;f__Lachnospiraceae;Other;Other,0.0358,0.0458,0.0204,0.0276,0.035,0.0486,0.0362,0.0264,0.0542,0.048,0.115,0.0476,0.0288,0.0238,0.0664,0.0504,0.045,0.0142,0.02,0.0582,0.0162,0.2716,0,0.008,0.0584,0.0242,0.007,0.0606,0.0372,0.0124,0.0176,0.0064,0.0292,0.1984,0.0264,NA,0.0176,0.044,0.0062,NA,0.0204,0.0188,0.0296,0,0.0636,0.0044,0.062,0.0134,0.0218,0.0604,0.0168,0.0324,0.0084,0.0866,0.0068,2.10738255,0.191304348,0.212598425,10.84375,1.044025157,1.211864407,3.683168317,0.756097561,1.830985915,10.43137255,0.796502385,0.666666667,1.005649718,2.09375,0.334702259,1.767857143,2.316384181,0.5,0.217391304,2.157894737,0.896296296,9.504854369,0,0.081560284,0.724137931,1.228395062,2.111111111,0.500615006,0.557251908,17.8,0.5,1.032258065,4.096153846,0.378737542,4.433628319,1,1.163636364,2.198198198,1.219512195,0.722222222,0.173333333,5.409090909,0.8,0,2.53030303,0.15,0.0591133,0.495652174,11.17948718,0.278745645,3.7,0.613402062,2.947368421,0.610989011,0.526315789
k__Bacteria;p__Firmicutes;c__Clostridia;o__Clostridiales;f__Lachnospiraceae;g__Coprococcus;Other,0,0,0,0,0,0,0,0,0,0.0034,0,0,0,0,0,0,0,0,0,0,0,0,0,0,0,0,0,0,0,0,0,0,0,0.0018,0,NA,0,0,0,NA,0,0,0,0,0,0,0,0,0,0,0,0,0,0,0,0.0001,0,0,0,0,0,0,0,0,13,0,0,0,2,0,0,0,0,0,4,0,0,0,0,0,0,0,0,0,0,0,0,0,2.857142857,0,0,0,0,0,0,0,0,0,0,0,0,0,0,0,0,0,0,0,0,0
k__Bacteria;p__Firmicutes;c__Clostridia;o__Clostridiales;f__Lachnospiraceae;g__Anaerostipes;s__,0.001,0.0014,0.0004,0.0022,0.002,0.0008,0.0024,0,0.0014,0.002,0.0014,0.0034,0.0006,0,0.001,0,0.001,0,0.0028,0.0014,0,0,0,0.0002,0.003,0.0038,0,0,0,0,0.0002,0,0.0002,0.0008,0.0084,NA,0.0064,0,0.001,NA,0,0.0166,0.0002,0,0.0052,0.0026,0.0002,0,0.0038,0,0.0056,0.001,0,0.002,0,1.25,0.714285714,1,0.5,0.125,0.0001,0.571428571,0,1,9.5,3.333333333,0.117647059,0.125,0.0001,0.0001,0,1.142857143,0,0.103448276,2,0,0,0,0.1,0.041666667,0.47826087,1,0,0,0,0.0001,0.0001,3,3,0.407894737,0,2.625,0,17,3,0,1.631578947,0.0001,0,0.086206897,0.044444444,0.0001,0,0.055555556,0,6,5,0,0.333333333,0
k__Bacteria;p__Firmicutes;c__Clostridia;o__Clostridiales;f__Ruminococcaceae;Other;Other,0.0308,0.0346,0.0008,0.0082,0.0092,0.0046,0.0144,0.021,0.0168,0.0266,0.0212,0.0318,0.0408,0.027,0.0012,0.0316,0.0234,0.0522,0.003,0.025,0.0098,0,0,0.024,0.0314,0.0058,0,0.0056,0.0036,0,0.0536,0.0316,0.0018,0.0268,0.0428,NA,0.0024,0.0002,0.1186,NA,0.016,0.0386,0.0002,0,0.0092,0,0.0244,0.0018,0.0092,0.0066,0.001,0.02,0.0488,0.0418,0,2.928571429,2.301587302,1.666666667,3.047619048,0.464285714,0.052631579,0.844155844,0.306818182,1.194444444,6.333333333,0.576470588,2.081081081,3.010204082,1.831683168,0.166666667,2.090909091,1.734939759,1.866666667,0.277777778,2.338028169,0.011673152,0,0,0.528497409,23.02702703,0.433333333,1,0.008333333,0.25,0,2.194444444,11.25,0.272727273,2.898550725,0.370212766,29.81481481,0.444444444,0.333333333,3.473404255,0.5,0.155339806,0.823529412,0.0001,1,0.80952381,0.0001,1.101010101,2.2,1.48,0.053333333,0.444444444,1.605263158,1.551020408,0.417322835,0
k__Bacteria;p__Firmicutes;c__Clostridia;o__Clostridiales;f__Lachnospiraceae;g__;s__,0.0222,0.0202,0.0132,0.046,0.0452,0.0748,0.0886,0.0992,0.054,0.0292,0.056,0.059,0.07,0.0116,0.0094,0.0168,0.0184,0.008,0.0092,0.0484,0.0146,0,0,0.0014,0.0192,0.0202,0,0.005,0.1126,0,0.0266,0.0008,0.015,0.0356,0.0174,NA,0.0204,0.0514,0.0132,NA,0.0064,0.0294,0.0042,0,0.0524,0.0004,0.004,0.0298,0.0248,0.0006,0.0038,0.0104,0.0118,0.0188,0.008,0.87826087,3.2625,0.042424242,0.866666667,0.957446809,0.191011236,0.015320334,0.171929825,4.297124601,13.44117647,0.165254237,1.143382353,2.261083744,5,0.27173913,0.673469388,0.514851485,0.223880597,0.148148148,0.258964143,0.214659686,0,0,0.130434783,0.385245902,0.149253731,0,0.039215686,0.038961039,0,0.402843602,4,0.514705882,0.492385787,2.390625,0.704545455,0.083550914,0.540350877,0.227722772,0.355481728,7.071428571,3.571428571,8.5,0,0.03202847,3,1.777777778,0.013095238,0.296460177,0.5,7,0.351648352,14,2.532608696,0.348214286
k__Bacteria;p__Firmicutes;c__Bacilli;o__Lactobacillales;f__Streptococcaceae;g__Streptococcus;s__,0.0002,0.004,0.0016,0.0046,0.0124,0.0168,0.0166,0.0968,0.0092,0.0114,0.0164,0.0388,0.0026,0.0044,0.0016,0.0036,0,0.003,0.0194,0.0028,0.0092,0.0016,0.024,0,0.0154,0.0012,0.0458,0.0026,0.0186,0.0618,0.4018,0.0008,0.0074,0.0002,0.0984,NA,0.0016,0.0102,0.1324,NA,0.0266,0.035,0.4738,0.0046,0.0028,0.0016,0.0044,0.0058,0.002,0.0028,0.0018,0.002,0.0646,0.0026,0.0472,3,0.533333333,2,5.375,2,0.75257732,0.047244094,0.882352941,1.153846154,11.90909091,0.147286822,1.05,3.428571429,5.636363636,0.636363636,0.5,2,1.5,0.640449438,1.666666667,0.56,14,3.135135135,2,0.205479452,0.583333333,4.819672131,2.909090909,3.765957447,10.48837209,5.965265082,1.090909091,2,8,1.180246914,0.857142857,1,111,21.46153846,0.400398406,0.194968553,2.368852459,0.338251073,21,1,6.5,2,11.5,5.666666667,0.311111111,2.428571429,1.875,85,6.6,3.762962963
k__Bacteria;p__Firmicutes;c__Erysipelotrichi;o__Erysipelotrichales;f__Erysipelotrichaceae;g__[Eubacterium];s__biforme,0.0082,0.005,0,0,0,0,0,0,0,0,0,0,0,0.0084,0,0,0,0,0,0.037,0,0,0,0,0,0,0,0,0,0,0.0044,0,0,0,0,NA,0,0,0.1034,NA,0,0,0,0.007,0,0.0364,0,0,0,0,0,0,0,0,0,0.731343284,0.44,0,0,0,0,0,0,0,0,0,0,0,0.835820896,0,0,13,0,0,0.10543131,0,0,0,0,0,0,0.0001,0,0,0,0.042553191,0,0,0,0,0,0,0,7.429906542,0,0,0,0,15,0,193,0,0,0,0,0,0,0,0,0
k__Bacteria;p__Firmicutes;c__Clostridia;o__Clostridiales;f__Ruminococcaceae;g__Faecalibacterium;s__,0.0008,0,0.0004,0.0008,0.001,0,0,0,0.0018,0.0002,0,0.0002,0,0.0014,0,0.0016,0,0,0,0.0004,0,0,0,0,0.0002,0,0,0,0,0,0.0002,0,0.0002,0,0.0002,NA,0,0,0.0004,NA,0,0,0,0,0.0006,0,0,0,0,0.0002,0.0002,0,0,0.0006,0,0.0001,0,0.0001,0.0001,0.0001,0.0001,0,0,0.0001,2,0,0.0001,0.0001,0.166666667,0,0.0001,6,0.0001,0,5,0,0,0,0,1,0,0,0,0,0,0.0001,0,0.0001,0,0.0001,0,0,0,0.0001,0,0,0,0,0,0.0001,0,0,0,0,0.0001,0.0001,0,0,0.0001,0
k__Bacteria;p__Firmicutes;c__Clostridia;o__Clostridiales;f__Clostridiaceae;g__Clostridium;s__,0.0038,0.0004,0.0008,0.0026,0.0054,0.0012,0.0006,0.003,0.0014,0.007,0.0022,0.0072,0.0016,0.0002,0.0076,0.0016,0.0004,0.0004,0,0.0082,0,0,0,0,0.0062,0.0206,0,0,0,0,0.0018,0.001,0.0024,0.0082,0.0118,NA,0,0.0188,0,NA,0,0.0066,0,0,0.0064,0.0002,0,0,0.0058,0,0,0.016,0,0,0,0.4,1,5,0.684210526,0.0001,1.5,0.0001,0.043478261,0.25,0.06,1,0.318181818,0.0001,0.0001,0.00877193,0.666666667,5,2,0,1.111111111,0,0,0,0,0.065217391,0.030373832,0,0,0,0,0.0001,2,21,131,0.024390244,0.555555556,1,0.171171171,0.0001,0,0,37,0,0,0.140350877,1,0,0,0.035714286,0,0,2.133333333,1,0.0001,0
k__Bacteria;p__Firmicutes;c__Clostridia;o__Clostridiales;f__Lachnospiraceae;g__Blautia;s__,0.1148,0.3908,0.1938,0.0752,0.1104,0.19,0.3218,0.1446,0.1774,0.0942,0.1922,0.21,0.269,0.0532,0.2384,0.2448,0.0788,0.139,0.3788,0.172,0.3324,0.3316,0,0.0134,0.2252,0.0756,0,0.1946,0.328,0.0858,0.0676,0.0414,0.2472,0.0926,0.101,NA,0.0746,0.3906,0.021,NA,0.0606,0.1256,0.0634,0.011,0.1466,0.217,0.099,0.1584,0.0488,0.4526,0.1812,0.0632,0.1964,0.2514,0.416,0.691304348,1.206953642,2.996447602,1.425120773,1.048338369,0.88976378,1.419151376,2.063985375,0.446770335,4.088888889,0.502972652,1.439393939,0.608333333,2.183908046,0.931721195,1.330703883,6.146226415,0.102702703,0.662309368,0.847107438,17.80512821,3.461966605,0,0.140350877,3.332983193,0.462184874,0.2,0.928997613,0.983361065,0.431855501,0.227979275,2.889570552,1.175422139,1.290322581,0.045346062,44,0.194331984,1.775486152,2.1,0.518691589,0.066772655,0.773487773,268.3333333,18.5,0.979214781,1.592760181,0.511302476,3.509881423,1.730769231,4.9,1.288578901,2.077235772,1.961325967,1.000669792,1.237014925
k__Bacteria;p__Proteobacteria;c__Deltaproteobacteria;o__Desulfovibrionales;f__Desulfovibrionaceae;g__Bilophila;s__,0.001,0.0002,0.0006,0,0,0,0,0,0.0002,0.0004,0,0,0,0,0,0,0.0034,0,0,0,0,0,0,0.0004,0,0.0002,0,0.006,0,0,0.0008,0,0.0002,0,0,NA,0.0002,0.0004,0,NA,0,0,0,0,0,0,0,0,0,0,0,0,0,0.0004,0,0.0001,0.0001,10,0,0.0001,0,0,0,0.666666667,7,0,0.0001,0,0,0,0,0.083333333,0,0,0.0001,0.0001,0,0,0.0001,0,0.0001,0,0.205128205,0,0,0.4,0.0001,0.25,0,0,0,0.0001,0.0001,0,1,0,0,0,0,0,0,0,0,0,0,0,0.0001,0,0.0001,0
k__Bacteria;p__Bacteroidetes;c__Bacteroidia;o__Bacteroidales;f__Porphyromonadaceae;g__Parabacteroides;s__distasonis,0.0002,0.0002,0.0026,0.001,0,0,0,0,0.0002,0.0014,0.0002,0,0,0.0014,0,0,0.0064,0,0,0.0008,0,0,0,0.0006,0,0,0,0.0118,0,0,0,0,0,0,0,NA,0.0002,0.0026,0.0052,NA,0,0,0,0,0,0.0012,0,0.016,0.0022,0,0.0944,0.0572,0,0.0014,0,10,0.333333333,1.111111111,0.5,0.0001,2,0,0,0.0001,0.166666667,0.0001,0,0.0001,0.5,0,0.0001,0.177777778,0,0,1,0.0001,0,0.0001,0.0001,0,0,0,0.133333333,0,0,0,0,0.0001,1,0,0.277777778,0.0001,0.6,0.0001,2.464285714,0,0,0,0,0,0.142857143,0,2.571428571,0.083333333,0,0.405909798,0.310559006,0,2.25,0
k__Bacteria;p__Bacteroidetes;c__Bacteroidia;o__Bacteroidales;f__Bacteroidaceae;g__Bacteroides;s__ovatus,0.0028,0,0.0112,0.003,0.0006,0.0002,0.0002,0.0002,0.001,0.0016,0.0006,0.001,0,0,0,0.0002,0.0208,0.0082,0,0.0008,0.0012,0,0,0.0006,0,0.0004,0,0,0,0.045,0.0004,0.0002,0.0016,0,0,NA,0.0008,0.0032,0.0106,NA,0,0.013,0,0,0.0014,0,0,0.048,0.0202,0.0002,0.0768,0,0.0112,0.0018,0.0708,4,0,0.193548387,2.5,0.0001,1.25,1,0.0001,0.4,3.25,0.0001,1,0.25,0,0,0.0001,0.327102804,1.285714286,0,0.928571429,0.0001,0,0,0.0001,0,0.2,0,0,0,0.133333333,0.0001,0.0001,0.037037037,0,0,0.025270758,0.222222222,2.666666667,0.431034483,1.844221106,0,1.068965517,0,0,0.0001,0,0,0.549407115,0.154929577,0.0001,0.274131274,1,0.096219931,0.333333333,0.028571429
k__Bacteria;p__Firmicutes;c__Clostridia;o__Clostridiales;Other;Other;Other,0.005,0.0016,0.0034,0.0066,0.005,0.0016,0.0022,0.0076,0.009,0.0034,0.0048,0.0068,0.0024,0.0036,0.0004,0.004,0.0028,0.0002,0.0026,0.0102,0.004,0.0052,0,0.0018,0.0036,0.024,0.0004,0.0046,0.0018,0.0014,0.0064,0.0028,0.0036,0.001,0.001,NA,0.0008,0.0066,0.0072,NA,0.0018,0.0086,0.0014,0,0.0066,0,0.0316,0.0206,0.0018,0,0.0028,0.0038,0.0112,0.0158,0,6.416666667,1,1.384615385,0.489795918,0.5,0.352941176,0.909090909,0.37037037,1.787878788,1.466666667,0.222222222,0.192307692,3.428571429,1.111111111,1,0.555555556,0.75,0.0001,0.5,0.625,0.090909091,0.689655172,0,0.181818182,0.5,0.833333333,0.0001,0.15,0.0001,2.333333333,0.426229508,0.666666667,0.25,4.25,3,2,0.1,8.571428571,0.295454545,0.142857143,6.333333333,1.545454545,0.0001,0,0.714285714,1,15.5,0.352272727,0.4,0.0001,3.071428571,0.152173913,0.875,0.873786408,0
k__Bacteria;p__Firmicutes;c__Clostridia;o__Clostridiales;f__Lachnospiraceae;g__Coprococcus;s__,0.0218,0.0128,0.018,0.045,0.0252,0.0452,0.0386,0.0054,0.0266,0.0252,0.1288,0.074,0.017,0.0098,0.0102,0.1046,0.0286,0.0048,0.048,0.0284,0.0264,0.1814,0,0.0002,0.0414,0.006,0.0044,0.0012,0.0234,0.0316,0.0098,0.0062,0.0082,0.0098,0.0088,NA,0.0528,0.1368,0.0054,NA,0.002,0.0044,0.0134,0,0.0324,0.0518,0.0458,0.1082,0.0406,0.0074,0.0236,0.0098,0.0032,0.0288,0.0026,2.328767123,0.655737705,0.795180723,8.483333333,0.152380952,0.565789474,0.027989822,0.051282051,0.189473684,2.484848485,0.029220779,0.281818182,0.916666667,0.333333333,0.5,0.017467249,0.338129496,5.6,0.153846154,0.258426966,9.041666667,0.022656735,0,0.235294118,0.073426573,0.8125,1.6,5,0.766666667,0.945121951,1.6,0.582278481,0.114864865,33.2,0.315789474,10.33333333,0.16796875,0.163129973,12.8,0.842696629,1.625,0.481481481,7.333333333,0.0001,1.448717949,0.026041667,12.35714286,24.15217391,0.46875,0.025974026,0.639344262,4.909090909,0.225806452,1.540540541,0.034482759
k__Bacteria;p__Firmicutes;c__Clostridia;o__Clostridiales;f__Ruminococcaceae;g__Oscillospira;s__,0.0336,0.024,0.01,0.0002,0.0032,0.0012,0.0034,0.028,0.0036,0.0042,0.0116,0.0174,0.0236,0.0176,0.0008,0.0018,0.0118,0.0324,0.0052,0.006,0.0054,0.012,0,0.0008,0.0024,0.0048,0,0.0074,0.002,0,0.01,0.0002,0.004,0.0036,0.007,NA,0.0012,0.0184,0.0668,NA,0.019,0.0276,0.0006,0,0.0012,0.0004,0.015,0.0136,0.0088,0.0062,0.0084,0.0122,0.0054,0.0184,0.0052,0.385869565,0.279069767,0.184466019,7,0.148148148,2.444444444,0.0001,0.118881119,0.083333333,1.818181818,0.127272727,0.210526316,0.37037037,1.903225806,0.333333333,0.04,0.491803279,0.112,0.222222222,2.357142857,0.125,1.228571429,0,0.040816327,0.0001,0.105263158,0.095238095,0.196078431,0.058823529,0,0.146341463,1.5,33,0.5,0.0001,0.963235294,0.029411765,2.719298246,0.407619048,0.297619048,0.308900524,1.565217391,0.0001,0,0.068965517,0.0001,0.096153846,32,0.236363636,0.393939394,0.064864865,0.510204082,28.5,0.540816327,0.059405941
k__Bacteria;p__Bacteroidetes;c__Bacteroidia;o__Bacteroidales;f__Bacteroidaceae;g__Bacteroides;Other,0.0046,0.0006,0.0028,0.0032,0.0002,0.003,0,0,0,0.0072,0.0014,0.0014,0.0002,0,0,0.0006,0.0246,0.0046,0,0.0028,0,0,0,0.0044,0.0004,0,0,0.0866,0,0,0.0056,0,0,0,0,NA,0.0008,0,0.026,NA,0,0.0066,0,0,0.0002,0,0,0.0388,0.0024,0.0026,0.0122,0.0182,0.0002,0.0088,0.0834,0.555555556,0.0001,1,3,0.0001,3.727272727,1,0,2,0.267857143,0.153846154,0.5,0.6,1,0,0.0001,0.179487179,3.666666667,0,0.222222222,0,0,0,0.034482759,0.0001,1,0,3.576923077,0,0,0.1,0,1,0,0,0.109278351,0.0001,0.0001,0.114754098,42,0,2.5,0,0,1,0,0,0.435897436,0.090909091,0.16,0.5,9.4,2,0.413793103,1.886792453
k__Bacteria;p__Bacteroidetes;c__Bacteroidia;o__Bacteroidales;f__Bacteroidaceae;g__Bacteroides;s__uniformis,0.0034,0.0014,0.007,0.0004,0.0054,0.0004,0.0002,0,0.006,0.0274,0.0036,0.0048,0.0016,0.0002,0,0.001,0.0092,0.0078,0,0.007,0.0028,0,0,0,0,0,0,0.025,0,0,0.0024,0,0.011,0,0.069,NA,0.0006,0,0.0602,NA,0,0.0204,0,0,0,0.0008,0,0,0.0258,0.0054,0.0092,0,0,0.0052,0,0.058823529,0.285714286,0.583333333,6,0.0001,1,1,1,0.0001,0.027131783,0.0001,0.032258065,0.045454545,0.0001,0,0.0001,0.050847458,0.433333333,0,0.060606061,0.0001,0,0,0,1,0.0001,0,2.785714286,0,0,0.0001,0.0001,0.068181818,0,2.303030303,0.102459016,0.0001,0,0.071428571,0,0,0.98245614,0.0001,0,0,0.1,0,0,0.069148936,3,0.272727273,0,0,3.25,0
k__Bacteria;p__Firmicutes;c__Clostridia;o__Clostridiales;f__Veillonellaceae;g__Veillonella;s__dispar,0.0002,0,0,0.0002,0,0.0006,0,0,0,0,0,0.0002,0,0,0,0,0,0.0002,0,0,0,0,0.014,0,0,0,0,0,0,0.0058,0.0196,0,0.0002,0,0.0052,NA,0,0.001,0.0002,NA,0.027,0.0012,0.0004,0.0206,0,0,0,0.005,0.0014,0,0,0.0002,0.0038,0,0.006,0.0001,0,0,3,0,0.2,0,0,0,0,0,0.0001,0,0,0,0,0,2,0,0,0,0.0001,0.065830721,0,0,0,0.5,0,0,67,1.928571429,0,1,0,0.625,0,0,2,0.0001,0.1,0.25,2,3,2.2,0.0001,0,0,4.8,2.5,0,0,1,0.714285714,0,15.33333333
k__Bacteria;p__Firmicutes;c__Bacilli;o__Lactobacillales;f__Lactobacillaceae;g__Lactobacillus;Other,0,0,0,0.0002,0,0,0,0,0,0,0,0,0,0,0,0,0,0,0,0,0,0,0.0078,0,0,0,0,0,0,0.0384,0.0024,0,0,0,0,NA,0,0,0,NA,0,0,0,0.0064,0,0,0,0,0,0,0,0,0,0,0,0,0,0,4,0,0,0,0,0,0,0,0,0,0,0,0,1,0,0,0,0,0,5.846153846,0,0,0,0,0,0,45.57142857,59,0,0,0,0,0.571428571,0,0,0,0,0,0,0,20,0,0,0,0,0,0,0,0,0,0,0
k__Bacteria;p__Firmicutes;c__Bacilli;o__Lactobacillales;f__Lactobacillaceae;g__Lactobacillus;s__reuteri,0,0,0,0,0,0,0,0.0008,0,0,0,0,0,0,0,0,0,0,0,0,0,0,0.0866,0,0,0,0,0,0,0,0.0052,0,0,0,0,NA,0,0,0,NA,0,0,0,0.054,0,0,0,0.0002,0,0,0,0,0,0,0,0,1,0,3,0,0,0,1,0,0,0,0,0,0,0,0,0,0,0,0,0,0,2.313253012,0,0,0,0,0,0,1,6.75,0,0,0,0,14,0,0,0,0,0,0,0,255,0,0,0,0.0001,0.0001,0,0,0,0,0,0
k__Bacteria;p__Bacteroidetes;c__Bacteroidia;o__Bacteroidales;f__[Paraprevotellaceae];g__Paraprevotella;s__,0,0,0,0,0,0,0,0,0,0.033,0,0,0.0008,0.0026,0,0,0.0148,0,0,0,0,0,0,0,0,0,0,0,0,0,0,0,0.0034,0,0,NA,0,0.0004,0,NA,0,0,0,0,0,0,0,0,0.004,0,0,0,0,0,0,0,0,0,0,0,0,0,1,0,0.152416357,0,0,0.027027027,2.8,0,0,0.131578947,0,0,11,0,0,0,0,0,0,0,0,0,0,0,0.0001,0.023255814,0,0,0,0,0.0001,0,0,0,0,0,0,0,0,0,0,0.017857143,0,0,0,0,9,0
k__Bacteria;p__Firmicutes;c__Bacilli;o__Turicibacterales;f__Turicibacteraceae;g__Turicibacter;s__,0,0,0,0,0,0.0006,0,0.0004,0,0,0.0026,0,0,0.0004,0.0012,0,0,0,0.0006,0.0002,0.0002,0,0,0,0.0002,0.0004,0,0,0,0,0,0,0.003,0,0,NA,0,0,0,NA,0,0.0022,0,0,0,0,0,0,0.0002,0,0,0,0.002,0,0.0004,0,0.2,1,0,0,3,0,0.0001,2,0.0001,4.25,0,0,8,0.181818182,0,0,0,0.0001,3,1,0,0,0,0.0001,0.0001,0,0,0,0,0,5,18,0,0,0,0,0,0,0,0,5.6,0,0,0,0,0,0,1.5,0,0,0,41,0,5
k__Bacteria;p__Firmicutes;c__Clostridia;o__Clostridiales;f__Ruminococcaceae;g__Faecalibacterium;s__prausnitzii,0.152,0.0422,0.2736,0.3322,0.1068,0.0494,0.0458,0.081,0.133,0.2112,0.0792,0.0572,0.0876,0.0924,0.0324,0.1052,0.2352,0.108,0.0232,0.1848,0.0112,0,0.0002,0.0006,0.0472,0.3906,0,0.0002,0.0462,0,0.0788,0.3012,0.1064,0.0826,0.1674,NA,0.0906,0.0514,0.0682,NA,0,0.3124,0.0226,0,0.161,0,0.0602,0,0.3002,0.044,0.0234,0.0016,0.1192,0.081,0.036,1.951534733,4.693548387,0.127641589,0.419041844,0.225255973,0.671957672,1.129496403,0.483333333,0.918083462,0.341606793,0.266233766,0.047120419,0.194950912,0.748043818,0.442307692,0.233333333,1.512679162,0.849658314,1.25,0.71124031,0.0001,0.333333333,0.0001,1,0.095808383,3.491009682,0.0001,0.0001,0.166064982,0,0.203551913,0.834867076,0.380327869,1.533333333,5.862068966,1.081081081,0.643968872,0.066252588,1.033898305,2.410714286,0,0.343324251,106,0,85.21052632,0,0.330935252,0.0001,2.571297989,49,0.556034483,5,12.2952381,0.901639344,1.391304348
k__Bacteria;p__Bacteroidetes;c__Bacteroidia;o__Bacteroidales;f__Bacteroidaceae;g__Bacteroides;s__,0.018,0.0016,0.0214,0.0616,0.0016,0.001,0.001,0.0004,0.0054,0.0344,0,0.0054,0.0042,0.0016,0.0002,0.006,0.1544,0.0864,0.0004,0.0066,0,0.0024,0,0.0124,0.0004,0.0046,0,0.0606,0,0.0002,0.0294,0.0002,0,0,0,NA,0.0052,0.0052,0.1076,NA,0.0976,0.0394,0,0.0002,0,0.0002,0.0952,0.3356,0.038,0.0242,0.0688,0.0966,0.0322,0.008,0,0.37755102,1,1.515151515,0.025396825,0.1,3.9,2.333333333,1.125,2.733333333,0.06377551,0.0001,0.0001,0.032786885,0.090909091,0.5,0.25,0.076923077,0.595441595,4,0.458333333,1,0.0001,0,0.0001,1,0.369565217,0,0.093333333,0,0.0001,0.107913669,0.0001,0.0001,0,0,0.165725047,20.75,1.25,0.019054878,8.041666667,0.156084656,0.259259259,0,0.0001,0,1,2.511764706,0.119744545,0.261744966,0.045553145,0.302452316,1.963541667,4.555555556,0.095238095,0
k__Bacteria;p__Firmicutes;c__Clostridia;o__Clostridiales;f__Ruminococcaceae;g__Ruminococcus;s__,0.0036,0.01,0.008,0.002,0.002,0.0012,0.0044,0.0132,0.0098,0.0086,0.004,0.0256,0.008,0.0022,0.0002,0.0124,0.0128,0.0328,0.0128,0.005,0.024,0,0,0.0006,0.0048,0.024,0,0.0064,0.0012,0,0.0116,0.0136,0.0066,0.004,0.018,NA,0,0,0.0158,NA,0.0014,0.0092,0,0,0.034,0.0002,0.045,0,0.0048,0.0198,0.02,0.019,0.0028,0.135,0.0014,1.25,1.175438596,0.391304348,0.75,0.083333333,3,2.4,1.114754098,0.222222222,0.956521739,0.4,0.743243243,0.936170213,3.25,0.5,0.133333333,0.1875,0.132075472,0.430555556,0.72,0.024745269,0,0.0001,0.222222222,0.333333333,0.417808219,2,7,2.285714286,0,0.294736842,0.4,0.709090909,0.363636364,0.151515152,0.03164557,1,0,6.0625,0.083333333,0.428571429,0.9375,0,0,0.14,0.666666667,1.705479452,0,1.111111111,0.024861878,0.596638655,0.657534247,14,0.242677824,0.1875
k__Bacteria;p__Firmicutes;c__Clostridia;o__Clostridiales;f__Lachnospiraceae;g__Blautia;s__obeum,0.0032,0.0282,0.006,0.0026,0.0104,0.0162,0.0374,0.0496,0.0078,0.0488,0.1108,0.0714,0.052,0.0068,0,0,0.007,0,0.1368,0.0166,0.2968,0.0002,0,0.0004,0.0462,0.0016,0,0,0.0002,0.0012,0.0064,0.0392,0.133,0.0054,0.0176,NA,0.0048,0,0.0112,NA,0.0046,0.0122,0,0,0.0002,0.0052,0,0,0.0648,0,0.0042,0,0,0.0146,0,1,0.717791411,0.283333333,3,0.85106383,0.230769231,0.132075472,1.649769585,0.660377358,0.792982456,0.008902077,0.074681239,0.772727273,3.25,2,0,0.577777778,0,0.206153846,0.458333333,0.329753632,0.0001,0,0.266666667,0.056939502,0.1875,0.0001,0,0.0001,22,0.052083333,0.085158151,0.12639821,0.52,0.379310345,0,0.213483146,2,5.909090909,5.785714286,13.33333333,2.703703704,0.0001,0.0001,0.0001,1.045454545,0,0,0.12,0,10.16666667,1,0,0.37,0
k__Bacteria;p__Firmicutes;c__Clostridia;o__Clostridiales;f__Veillonellaceae;g__Acidaminococcus;s__,0,0,0,0.007,0.0018,0,0,0,0,0,0,0,0.0002,0.0072,0,0,0,0.1352,0,0,0,0.0018,0,0.091,0,0,0,0.0316,0,0,0.0176,0,0,0,0,NA,0,0,0,NA,0,0,0,0.0318,0,0,0.0002,0,0,0,0,0,0,0,0,0,0,0,1,0.1,0,0,0,0,0,0,0,1,5,0,0,0,0.205035971,0,0,0,2.5,0,0.126712329,0,0,0.0001,0.222222222,0,0,0.304347826,0,0,0.0001,0,0.782051282,0,0,0,18.48275862,0,0,0,19,0.0001,0,0.0001,0,0,0,0,0,0,0,0
k__Bacteria;p__Firmicutes;c__Erysipelotrichi;o__Erysipelotrichales;f__Erysipelotrichaceae;g__Catenibacterium;s__,0,0,0,0,0,0,0,0.0054,0,0,0,0,0,0.0238,0.088,0,0,0,0,0,0,0,0,0,0,0,0,0,0,0,0,0,0,0,0,NA,0,0,0,NA,0,0,0,0,0,0,0,0,0,0,0,0,0,0,0,0,0,0,0,0,0,0,0.12,0,0,0,0,0,1.774193548,0.155388471,0,0,0,0,0,0.0001,0,0,0,0,0,0.0001,0,0,0,0,0,0,0,0,0,0,0,0,0,0,0,0,0,0,0,0,0,0,0,0,0,0,0,0
k__Bacteria;p__Firmicutes;Other;Other;Other;Other;Other,0.0008,0.0032,0,0,0.0004,0,0,0,0,0,0,0,0,0.0008,0,0,0,0,0,0.0008,0,0,0,0,0,0,0,0,0,0,0,0,0,0.0072,0.0008,NA,0,0,0,NA,0,0,0,0,0,0,0,0,0,0,0,0,0,0,0,1,0.071428571,0,0,0.0001,0,0,0,0,0,0,0,0,2,0,0,0,0,0,0.333333333,0,0,0,0,0,0,0,0,0,0,0,0,0,0.048387097,0.0001,0,0,0,0,0,0,0,0,0,0,0,0,0,0.333333333,0,0,0,0,0,0
k__Bacteria;p__Firmicutes;c__Clostridia;o__Clostridiales;f__[Mogibacteriaceae];g__Mogibacterium;s__,0,0,0,0,0,0,0,0,0.0046,0,0,0,0,0.0074,0,0,0,0,0,0,0,0,0,0,0,0,0,0,0,0,0,0,0,0,0,NA,0,0,0,NA,0,0,0,0,0,0,0,0,0,0,0,0,0,0,0,0,0,0,0,0,0,0,0,0.121212121,0,0,0,0,3.333333333,0,0,0,0,0,0,0,0,0,0,0,0,0,0,0,0,0,0,0,0,0,0,0,0,0,0,0,0,0,0,0,0,0,0,0,0,0,0,0,0,0
k__Bacteria;p__Bacteroidetes;c__Bacteroidia;o__Bacteroidales;f__Prevotellaceae;g__Prevotella;s__stercorea,0,0,0,0,0,0,0,0,0,0,0,0,0,0.0072,0,0,0,0,0,0,0,0,0,0,0,0,0,0,0,0,0,0,0,0,0,NA,0,0,0,NA,0,0,0,0,0,0,0,0,0,0,0,0,0,0,0,0,0,0,0,0,0,0,0,0,0,0,0,0,3.526315789,0,0,0,0,0,0,0,0,0,0,0,0,0,0,0,0,0,0,0,0,0,0,0,0,0,0,0,0,0,0,0,0,0,0,0,0,0,0,0,0,0
k__Bacteria;p__Firmicutes;c__Clostridia;o__Clostridiales;f__Peptostreptococcaceae;g__;s__,0,0,0,0,0,0,0,0,0,0,0.0012,0,0,0,0,0,0,0,0,0,0,0,0,0,0,0,0,0,0,0,0,0,0,0,0,NA,0,0,0,NA,0,0,0,0,0,0,0,0.0066,0,0,0,0,0,0,0,0,0,0,1,0,0,0,0,0,0,3.8,0,0,0,0,0,0,0,0,0,0,0,0,0,0,0,0,0,0,0,0,0,0,0,0,0,0,0,0,0,0,0,0,0,0,0,0,7.6,0,0,0,0,0,0,0
k__Bacteria;p__Firmicutes;c__Clostridia;o__Clostridiales;f__Clostridiaceae;g__Clostridium;s__perfringens,0,0,0,0,0,0,0,0.0014,0,0,0.0004,0,0,0,0,0,0,0,0,0,0,0,0.002,0,0,0,0.0002,0,0,0,0,0,0,0,0,NA,0,0,0.0064,NA,0,0,0,0.0002,0,0,0,0.0012,0,0,0,0,0.0008,0,0,0,0,0,0,0,0,0,4.5,0,0,0.5,0,0,0,0,0,0,0,0,0,0,0,0.681818182,0,0,0,2,0,0,3,0,0,0,0,0,0,0,0,73,0,0,1,0,0.0001,0,0,0,21,0,0,0,0,1.4,0,0
k__Bacteria;p__Firmicutes;c__Clostridia;o__Clostridiales;f__Veillonellaceae;g__Phascolarctobacterium;s__,0.0122,0,0.0044,0,0,0.0004,0,0,0,0.004,0.0014,0.0034,0.0018,0,0.003,0.0002,0.0142,0,0,0.0056,0,0.0196,0,0.0164,0,0,0,0.0748,0,0,0.001,0,0.0004,0,0,NA,0.0002,0,0.0304,NA,0,0,0.0018,0,0,0,0,0,0.0162,0,0.0484,0,0,0,0,0.054054054,0,0.178571429,0,0.0001,1,0,0,0,0.153846154,0.076923077,0.3,0.0001,0,4,0.0001,0.125,0,0,0.34375,0,5.222222222,0,0.016666667,0,0,0,0.019498607,0,0,0.0001,0,0.0001,0,0,0.03030303,6,0,0.467153285,0,0,0,1.666666667,0,0.0001,0,0,0,0.125,0,0.174563591,0,0,0,0
k__Bacteria;p__Actinobacteria;c__Coriobacteriia;o__Coriobacteriales;f__Coriobacteriaceae;g__Collinsella;s__stercoris,0,0,0.001,0,0,0,0,0,0,0,0,0,0,0,0.0208,0.0104,0,0,0,0,0,0,0,0,0,0,0,0,0,0,0.0026,0,0,0,0,NA,0,0,0,NA,0,0,0.0326,0,0,0,0,0,0,0,0.001,0.0956,0,0,0,0,0,4,0,0,0,0,1,0,0,0,0.5,0,0,2.12195122,0.015384615,0,0,0,0,0,0,0,0,0,0,0,0,0,0,0.363636364,0,0,0,0,0,0,0,0,0.242424242,0,0,3.6875,0,0,0,0,0,0,0,5,0.121293801,0,0,0
k__Bacteria;p__Bacteroidetes;c__Bacteroidia;o__Bacteroidales;f__Bacteroidaceae;g__Bacteroides;s__caccae,0.0052,0,0,0,0.0002,0,0,0,0.0002,0.003,0.0002,0,0,0,0,0.0004,0.007,0,0,0,0,0,0,0.0002,0,0,0,0,0,0,0.0004,0.0002,0.0018,0,0,NA,0.0006,0.001,0,NA,0,0,0,0,0,0,0,0.0052,0.001,0,0,0,0,0.0002,0,0.15625,2,0,0,1,0,0,0,0.0001,0.1,0.0001,0,0.0001,0,0,0.0001,0.264705882,0,2,3,0,0,0,0.25,0,0,0,0,0,0,0.333333333,0.0001,0.0001,0,0,0.025862069,5,0.5,0,0,0,0,0,0,0,0,0,1,0.0001,0,0,0,0,1,0
k__Bacteria;p__Bacteroidetes;c__Bacteroidia;o__Bacteroidales;f__Rikenellaceae;g__;s__,0.0066,0.0012,0.0012,0.0002,0.0034,0,0,0,0.0022,0.0074,0.0014,0.0012,0.0002,0,0,0.0014,0.0184,0.0002,0,0.0016,0.0008,0,0,0.0012,0,0.0016,0,0.0018,0,0,0.0002,0,0.0052,0,0,NA,0,0,0.0788,NA,0,0.0016,0,0,0,0,0.024,0,0.0106,0,0.0024,0,0,0.0026,0,0.189189189,0.0001,2,0.0001,0.0001,1,0,0,0.0001,1.157894737,0.0001,0.0001,0.2,1,0,0.333333333,0.829787234,0.0001,0,2.5,0.0001,0,0,0.0001,0,0.6,0,0.0001,0,0,0.0001,0,0.421052632,0,0,0.421052632,0,0,0.074698795,0,0,0.0001,0,0,0,0,2.888888889,0,11.14285714,0,17,0,0,0.7,0
k__Bacteria;p__Firmicutes;c__Bacilli;o__Lactobacillales;f__Lactobacillaceae;g__Lactobacillus;s__,0,0,0,0,0.0002,0,0,0,0,0,0,0,0,0,0,0.0002,0,0,0,0,0,0,0.4512,0,0,0,0,0,0,0.2352,0.0008,0,0.0012,0,0,NA,0,0,0,NA,0,0,0,0.0234,0,0.0024,0,0,0,0,0,0.0002,0,0,0,0,3,0,0,0.0001,0,1,0,0,0,0,0,2,0,0,0.0001,0,0,0,0,0,0,1.145979381,2,0,0,0,0,0.0001,1.645086705,4.333333333,1,0.0001,3,0,5,0,0,2,0,0,0,1,123,0,33,0,0,0,0,0,0.0001,0.0001,0,0
k__Bacteria;p__Firmicutes;c__Erysipelotrichi;o__Erysipelotrichales;f__Erysipelotrichaceae;g__[Eubacterium];s__dolichum,0,0,0.0012,0,0,0,0,0.0002,0.0002,0,0,0,0,0,0.002,0.003,0.0002,0.007,0,0,0.0056,0,0,0,0.0004,0.0008,0.0042,0.0002,0.0008,0,0,0.0002,0,0.0002,0.0032,NA,0,0.0006,0.0002,NA,0.0044,0.0212,0.0094,0,0.001,0.0022,0.026,0.0052,0.0002,0.0292,0.0042,0.0194,0.0044,0.0016,0.0056,0,0,0.0001,0,0,0,0.0001,2,0.0001,0,0.0001,0.0001,3,0,0.047619048,0.2,1,0.313559322,0,0,0.037974684,0,0,0,3,0.066666667,0.161290323,0.25,0.0001,0,0,0.0001,0.0001,0.0001,0.01754386,0.1,0,0.333333333,3,0.1,0.068965517,0.279503106,0.110465116,0,0.170731707,0.033898305,0.074324324,1.227272727,0.0001,0.517045455,1.5,13.33333333,4.8,58,0.003921569
k__Bacteria;p__Firmicutes;c__Clostridia;o__Clostridiales;f__Lachnospiraceae;g__Roseburia;s__faecis,0.028,0.0008,0.0308,0.0566,0.0206,0.0004,0.0026,0.0004,0.0072,0.0306,0,0.004,0.0046,0.0216,0.0098,0.0032,0.004,0.0004,0,0.0362,0,0,0,0.0028,0.0026,0.004,0,0,0.0012,0,0.0084,0,0,0.0028,0.003,NA,0,0,0,NA,0,0,0,0,0.006,0,0,0,0,0,0,0.0232,0.0006,0.0042,0,0.053061224,0.4,0.044843049,0.085062241,0.031007752,0.0001,0.105263158,0.0001,0.0001,1.090909091,0,0.058823529,0.162162162,0.1875,0.62962963,0.0001,3.4,2,0.0001,0.064102564,0,0,0,0.069767442,0.0001,14,0,0,1,0,0.024390244,0,0,0.090909091,0.0001,0.188311688,0,0,0,8,0,0,0,0,0.64,0,0,0,0,0,0,5.461538462,1,0.0001,0
k__Bacteria;p__Actinobacteria;c__Coriobacteriia;o__Coriobacteriales;f__Coriobacteriaceae;g__;s__,0,0.0056,0,0,0.0086,0.0018,0.0006,0.0036,0.0014,0.008,0.0032,0.0092,0.0004,0.0014,0.008,0.0126,0.0004,0.0012,0.0184,0.0026,0,0,0,0,0.0046,0.0016,0,0.0008,0,0,0.002,0.0068,0.0086,0.062,0.0002,NA,0.0008,0,0.0028,NA,0,0,0,0,0.0002,0,0.0064,0,0.0008,0.0004,0.0002,0.0024,0,0.009,0,0,0.352941176,0,1,0.0001,0.0625,0.0001,1,0.0001,3.125,0.078947368,0.019607843,0.166666667,2.125,0.170212766,0.037974684,0.0001,0.466666667,0.178571429,0.2,0,0,0,0.0001,0.037735849,0.023255814,0,1.5,0,0,0.5,0.177419355,0.020408163,0.581047382,0.0001,0.0001,0.0001,0,0.47826087,0,0,0,0,0,1.5,0,1.535714286,0,0.166666667,0.0001,0.0001,0.0625,0,0.169491525,0.0001
k__Bacteria;p__Firmicutes;c__Clostridia;o__Clostridiales;f__[Mogibacteriaceae];g__;s__,0.0008,0.003,0.0006,0.0004,0.0004,0.0022,0.0002,0.0042,0.0022,0.0012,0.0016,0.005,0.0014,0,0.0028,0.0018,0.001,0,0.0054,0.0006,0.0016,0,0,0.0008,0.0022,0.0016,0,0.0002,0,0,0.0012,0.0028,0,0.0124,0,NA,0.0006,0,0.0034,NA,0,0,0,0,0.001,0,0,0,0.001,0.001,0,0.0018,0,0.0006,0,0.0001,0.0001,0.0001,0.0001,0.0001,0.333333333,0.0001,0.125,0.076923077,2,0.0001,0.12,0.125,0.25,0.214285714,0.0001,0.0001,0,0.2,0.0001,0.235294118,0,0,0.0001,0.0001,0.114285714,0,9,0,0,0.086956522,0.333333333,0.0001,1.659090909,0,0,0.111111111,0,0.32,0.25,0,0,0,0,0.041666667,0,0,0,0.285714286,0.0001,0,0.0001,0,3,0
k__Bacteria;p__Firmicutes;c__Erysipelotrichi;o__Erysipelotrichales;f__Erysipelotrichaceae;g__[Eubacterium];s__,0,0,0,0,0,0,0,0,0,0,0,0,0.0008,0,0,0,0,0,0,0,0,0,0,0,0,0,0,0.0032,0,0,0,0.0044,0,0,0,NA,0,0,0,NA,0,0,0,0,0,0,0,0,0,0,0,0,0,0,0,0,0,0,0,0,0,0,0,0,3,0,0,0.0001,0,0,0,0,0,0,0,0,0,0,0,0,0,0,81,0,0,0,0.65,0,0,0,0,0,0,0,0,0,0,0,0,0,0,0,0,0,0,0,0,0,0,0
k__Bacteria;p__Actinobacteria;c__Coriobacteriia;o__Coriobacteriales;f__Coriobacteriaceae;g__Adlercreutzia;s__,0,0.0002,0.0004,0,0,0,0,0,0.001,0.0026,0.0014,0,0.0002,0,0,0.0006,0.0006,0,0.0018,0.0004,0.0006,0,0,0.0002,0.0004,0.0012,0,0.002,0,0,0.0002,0.0004,0.0032,0.0024,0.0014,NA,0.0006,0,0.0012,NA,0,0,0,0,0,0,0.0104,0,0,0,0,0,0,0.0062,0,0.142857143,0.0001,0.0001,0,0,0.0001,0.0001,0.0001,0.0001,3.5,0.0001,0.0001,0.0001,0,0,0.0001,0.0001,0,0.6,0.0001,0.0001,0,0,2,0.0001,0.0001,0.0001,2,0,0,0.0001,0.0001,0.012345679,0.461538462,0.0001,0.0001,0.176470588,0,9,0.0001,0,0,0,0,0,0,0.303030303,0,0.166666667,0,0.0001,0,0,0.411764706,0
k__Bacteria;p__Bacteroidetes;c__Bacteroidia;o__Bacteroidales;f__Bacteroidaceae;g__Bacteroides;s__eggerthii,0.0002,0,0,0,0,0,0,0,0.0044,0.0052,0,0,0,0,0,0,0,0,0,0,0,0,0,0,0,0,0,0,0,0,0,0,0,0,0,NA,0,0,0,NA,0,0,0,0,0,0,0,0,0,0,0,0,0,0,0,0.333333333,0.0001,0,0,0,0,0,0,2,1.727272727,0,0,0.0001,0,0,0,0,0,0,0,0,0,0,0,0,0,0,0,0,0,0,0,0,0,0,0,0,0,0,0,0,0,0,0,0,0,0,0,0,0,0,0,0,0,0
k__Bacteria;p__Firmicutes;c__Clostridia;o__Clostridiales;f__Clostridiaceae;Other;Other,0,0.0002,0,0,0,0,0,0,0.0006,0,0.0022,0,0,0,0.0004,0,0,0,0.0004,0.0002,0.0002,0,0,0,0,0.0064,0.0004,0,0,0,0,0,0.0002,0,0,NA,0,0,0,NA,0.0004,0,0,0,0,0,0,0.0128,0.0002,0,0,0,0.0016,0.0002,0,0,0.0001,0,0,0,0.0001,0,0,2,0,0.0001,0,0,1,1,0,0,0,0.25,0.0001,0.0001,0,0,0,2,0.677419355,1,0,2,1,0,1,0.0001,0,0,0,1,0,0,0,4,0,0,0,0,0,1,0.260416667,0.0001,0,0,0,0.235294118,8,3
k__Bacteria;p__Actinobacteria;c__Coriobacteriia;o__Coriobacteriales;f__Coriobacteriaceae;g__Eggerthella;s__lenta,0,0,0.0006,0.003,0,0.0002,0,0,0,0,0,0.0026,0,0,0,0.0002,0,0.0086,0.0036,0,0.006,0,0,0.0004,0.0002,0.0062,0.0052,0.001,0.0032,0,0,0.0004,0.0022,0,0.0028,NA,0.0018,0.0036,0.0018,NA,0.003,0.008,0.0042,0,0.0024,0.0424,0.0284,0.0004,0,0.041,0.0028,0.008,0.0048,0.0008,0,0.0001,0,0.0001,0.133333333,0,0.0001,0.0001,1,3,1,0.5,0.125,0.0001,0,0.0001,1,1,0.206896552,0.5,0,4.5,0,0,0.0001,0.0001,0.050420168,1.055555556,0.0001,0.464285714,0,0.0001,0.333333333,0.096774194,1,0.2,0,0.151515152,0.0001,0.625,0.052631579,0.3,0.228571429,0.1,0,1,0.05026455,0.632768362,13,0,0.02078853,0.727272727,0.076923077,0.138297872,1.666666667,0
k__Bacteria;p__Bacteroidetes;c__Bacteroidia;o__Bacteroidales;f__Porphyromonadaceae;g__Parabacteroides;s__,0.0024,0,0.0024,0.0008,0.001,0,0.0002,0.0002,0.0014,0.0096,0,0.0002,0,0.0008,0,0,0.0066,0,0,0,0,0,0,0.0012,0,0,0,0,0,0,0.0004,0.0002,0.0002,0,0,NA,0,0,0,NA,0,0,0,0,0,0,0,0,0.0032,0.0016,0.0138,0,0,0.0008,0,0.277777778,1,0.363636364,1.2,0.125,0,0.0001,1,1.666666667,0.888888889,0.0001,1,0.0001,0.0001,0,0,0.224137931,0,0,1,0,0,0,0.0001,0,0.333333333,0,0,0,0,0.0001,0.0001,0.0001,0,0,0.092592593,2,0,0,0,0,0,0,0,0,0,0,0,0.863636364,2.375,0.333333333,0,0,0.6,0
k__Bacteria;p__Firmicutes;c__Erysipelotrichi;o__Erysipelotrichales;f__Erysipelotrichaceae;g__Coprobacillus;s__,0,0.0002,0.0002,0,0,0,0,0.0006,0,0,0,0.0004,0,0,0,0.0046,0.0002,0.0008,0,0,0,0,0,0,0,0.0008,0,0,0,0,0,0.0008,0.001,0,0.0044,NA,0,0,0,NA,0,0.0006,0,0,0.0002,0.0004,0.0066,0,0.0006,0.0198,0,0,0,0,0,0,0.0001,0.5,1,0,0.0001,0.0001,0.25,0,0,0,0.0001,0,0,1,0.8,1,0.214285714,0,1,0,0,0,0,0,0.153846154,0,0,0,0,0,0.090909091,0.0001,0,0.08,2,0,0,0,2,0,0.333333333,0,0,0.0001,0.0001,4.333333333,0,2,0.04954955,0,0,0,0,0
k__Bacteria;p__Actinobacteria;c__Coriobacteriia;o__Coriobacteriales;f__Coriobacteriaceae;g__Collinsella;s__aerofaciens,0.0066,0,0,0.0092,0.0092,0.0056,0.0006,0.0016,0.043,0.0202,0.0002,0.0256,0.0002,0.0228,0.0412,0.0226,0.0012,0,0.0362,0.0022,0.0802,0.051,0,0.0012,0,0.0002,0,0,0.0552,0,0.0122,0.037,0.0166,0.1276,0,NA,0.2468,0.026,0.0044,NA,0.1164,0,0,0.0204,0.0746,0.0836,0,0.0336,0.0024,0,0.0074,0,0.0074,0,0,0.52,0.0001,0,0.837837838,0.466666667,0.031496063,0.0001,1,0.090909091,0.358333333,0.0001,0.161111111,0.035714286,0.989247312,0.619047619,0.346938776,1.47826087,0,0.109090909,0.409638554,0.560386473,1.053333333,0,0.0001,0,0.0001,0.0001,0,0.258503401,0,1.444444444,0.216535433,9.076923077,0.240628779,0,6,2.606617647,1.454545455,0.292682927,17,214.25,0,0,0.692307692,0.031818182,0.011881188,0.0001,0.312693498,0.169014085,0,28,0,2.166666667,0,0
k__Bacteria;p__Firmicutes;c__Clostridia;o__Clostridiales;f__Veillonellaceae;g__Veillonella;Other,0,0,0,0,0,0,0,0,0,0,0,0.0004,0,0,0,0,0,0.0002,0,0,0,0,0.0048,0,0,0,0,0,0,0.0006,0.0002,0,0.0002,0,0.0008,NA,0,0,0,NA,0,0.0004,0.0028,0.0004,0,0,0,0.001,0.0002,0,0,0,0.0006,0,0,0,0,0,0,0,2,0,0,0,0,0,0.0001,0,0,0,0,0,0.0001,0,0,0,0,0.017241379,0,0,0,0,0,0,7,0.0001,0,0.0001,0,1.5,0.0001,0,0,0,0,0,6,2,0.0001,0,0,0,1,1,0,0,0,0.0001,0,5
k__Bacteria;p__Proteobacteria;c__Gammaproteobacteria;o__Enterobacteriales;f__Enterobacteriaceae;g__;s__,0,0,0,0,0,0,0,0,0,0,0,0,0,0,0,0,0,0,0,0,0,0,0,0.0036,0,0,0.0018,0,0,0,0.0002,0,0,0,0,NA,0,0,0,NA,0.0006,0,0,0,0.0006,0.0008,0,0,0,0,0,0,0,0,0.0002,0,2,0,0,0,0,0,0,0,1,0,0,0,0,0,0,0,0,0,0,0,0,0,0.583333333,0,0,0.363636364,0,0,0,0.0001,0,0,0,0,0,0,0,0,0,6,0,0,1,1,1,1,0,0,0,1,0,0,0,0.0001
k__Bacteria;p__Firmicutes;c__Clostridia;o__Clostridiales;f__Lachnospiraceae;g__Lachnospira;s__,0.0164,0.0006,0.0056,0.0372,0.001,0,0,0,0.0006,0.0052,0.001,0.0204,0.0004,0.0052,0,0.0008,0.0116,0.0004,0.0002,0.003,0,0,0,0.0006,0.002,0.0006,0,0,0,0.0004,0.0008,0.0022,0.0118,0.0002,0.0006,NA,0,0.0034,0.0152,NA,0.002,0.0282,0,0,0.0002,0.0002,0.0006,0,0.0088,0,0.0036,0,0.0064,0.0002,0.001,0.212765957,2,0.025,0.02919708,0.0001,0.0001,0.0001,0,0.0001,0.4375,0.0001,0.017142857,0.037037037,0.3,0,0.0001,0.034188034,0.0001,0.0001,0.272727273,0,0,0,0.0001,5.5,0.0001,0,0,0,7,0.0001,0.08,0.347222222,0.0001,0.05,0,0,0.0001,0.026845638,0.0001,0.035714286,0.02166065,0,0,0.0001,0.0001,1,0,0.073170732,0,0.054054054,0,0.052083333,0.0001,0.0001
k__Bacteria;p__Firmicutes;c__Erysipelotrichi;o__Erysipelotrichales;f__Erysipelotrichaceae;g__Holdemania;s__,0,0,0,0,0,0,0,0,0.0002,0,0,0,0,0,0.0002,0.0004,0,0.0002,0,0,0,0,0,0,0,0.0004,0,0.0002,0,0,0,0,0,0.0002,0.0002,NA,0,0,0,NA,0.0004,0,0,0,0,0,0,0.0018,0.0004,0,0,0,0.0002,0.0002,0,0,0,1,0,0,0.0001,0,0,0.0001,1,0.0001,0,0,1,0.0001,0.0001,0,0.0001,0,0,0.0001,0,0,0,0,0.0001,0,0.0001,0,0,0.0001,0,0.0001,0.0001,0.5,0,0,0,0,0,6,2,0.0001,0,0.0001,0,0,2.3,0.0001,0.0001,0.0001,0,2,0.0001,0
k__Bacteria;p__Firmicutes;c__Clostridia;o__Clostridiales;f__Lachnospiraceae;g__Roseburia;Other,0.0376,0.0664,0.0822,0.0836,0.0528,0.248,0.0034,0.036,0.0828,0.0578,0.0026,0.0038,0.0286,0.077,0.0264,0.0998,0.131,0.0834,0.0096,0.069,0.004,0.0002,0,0.001,0.1606,0.0024,0,0,0.0002,0,0.0498,0.0002,0.0062,0.0014,0.0618,NA,0.0156,0,0.001,NA,0,0.0002,0,0,0.0794,0,0,0,0.0146,0.0002,0.048,0.0004,0.027,0.0022,0,0.230125523,0.099118943,0.029565217,0.035087719,0.066445183,0.355956679,0.083333333,0.317204301,0.694148936,0.137014315,0.157894737,0.333333333,0.107296137,0.143897996,0.035608309,0.004103967,0.25170068,0.060422961,0.138461538,1.12797619,0.029850746,0.0001,0,0.0001,0.073019802,1,0,0,0.0001,0,0.00140056,0.0001,4.5,0.625,0.02268431,0.333333333,0.010845987,0.0001,0.235294118,0.028810896,0.0001,0.0001,0,0,0.541108987,0.0001,0,1,0.225,0.0001,0.231552163,3,0.082018927,0.076923077,0
k__Bacteria;p__Firmicutes;c__Bacilli;o__Lactobacillales;f__Streptococcaceae;g__Streptococcus;s__luteciae,0,0,0,0,0,0,0,0,0,0,0,0,0,0,0,0,0,0,0,0,0,0,0,0,0,0,0,0,0.0008,0,0,0.0582,0,0,0,NA,0,0,0,NA,0,0,0,0.0108,0.0734,0.0654,0,0,0,0,0.0024,0,0.1644,0.0002,0.0042,0,0,0,1,0,0,0,0,0,0,0,0,0,0,0,0,0,0,0,0,0,0,0,0,0,0,0,0,22,0,0.0001,0.012903226,0,0,0,0,0,0,0,0.0001,4,0,0,39,880,505,0,0,0,0,0.041666667,0,0.042867435,2,186
k__Bacteria;p__Actinobacteria;c__Coriobacteriia;o__Coriobacteriales;f__Coriobacteriaceae;g__Collinsella;Other,0.0004,0,0,0.0006,0.0002,0.0002,0,0,0.0022,0.0012,0,0.0004,0,0.0006,0.0006,0.0006,0,0,0,0.0002,0,0,0,0,0,0,0,0,0.0004,0,0.0002,0.0012,0.0006,0.0014,0,NA,0.0032,0.0006,0,NA,0.0002,0,0,0,0.0012,0,0,0,0.0002,0,0,0,0.0002,0,0,0.0001,0,0,1,0.0001,0.0001,0,0.0001,0.0001,0.0001,0,0.0001,0.0001,0.0001,0.0001,0.0001,0.0001,0,0,0.333333333,0,0,0,0,0,0,0,0,0.0001,0,0.0001,0.0001,0.0001,1,0,0,2,0.0001,0,0,0.0001,0,0,0,1,0,0,0,0.0001,0,0,0,0.0001,0,0
k__Bacteria;p__Firmicutes;c__Clostridia;o__Clostridiales;f__Lachnospiraceae;g__Lachnobacterium;s__,0.0002,0.002,0.0006,0,0,0,0,0,0.0002,0.0006,0,0,0,0.0018,0,0,0,0,0,0.0022,0,0,0,0.0002,0.0002,0,0,0,0.0002,0,0,0,0,0.0012,0,NA,0,0,0.0002,NA,0,0,0,0,0,0,0,0,0,0,0,0,0,0.0012,0,0.0001,0.0001,0.0001,0,0,0,0,0,0.0001,0.666666667,0,0,0.5,0.076923077,0.0001,0,0,0,0,0.0001,0,0,0,0.0001,0.0001,0.0001,0,0,0.0001,0,0,0,0,0.0001,0,0.027027027,0,0,0.0001,0,0,0,0,0,0,0,0,0,0,0,0,0,0,0.0001,0
k__Bacteria;p__Bacteroidetes;c__Bacteroidia;o__Bacteroidales;f__[Odoribacteraceae];g__Odoribacter;s__,0.0006,0,0,0,0,0,0,0,0,0.0002,0,0,0,0,0,0,0,0,0,0,0,0,0,0,0,0,0,0,0,0,0,0,0,0,0,NA,0,0,0.0062,NA,0,0,0,0,0,0,0,0,0,0,0,0,0,0,0,0.142857143,0,0,0,0,0,0,0,0,1,0,0,0,0,0,0,0.0001,0,0,0,0.0001,0,0,0,0,0,0,0,0,0,0,0,0.5,0,0,0,0,0,0.031914894,0,0,0,0,0,0,0,0,0,1,0,0,0,0,0,0
k__Bacteria;p__Actinobacteria;c__Coriobacteriia;o__Coriobacteriales;f__Coriobacteriaceae;Other;Other,0,0,0,0,0,0,0,0,0,0,0,0.0016,0,0,0,0.0004,0,0,0.0002,0,0.006,0,0,0,0.0002,0.047,0,0,0,0,0,0.0004,0.0006,0,0,NA,0,0,0.0008,NA,0,0.0138,0,0,0,0,0,0,0,0,0,0,0,0,0,0,0,0,0,0,0.0001,0,0.0001,0,1,0,0.166666667,0,0,0,0.0001,0.0001,0,0.0001,0.0001,0.004739336,0,0,0,0.25,0.159183673,0,0,0,0,0.0001,0.0001,0.0001,0,0,0,0.5,0,0.0001,0,0,0.048543689,0,0,0.0001,0,0,0,0,0,0,0,0,0,0
k__Bacteria;p__Firmicutes;c__Clostridia;o__Clostridiales;f__Eubacteriaceae;g__Anaerofustis;s__,0,0,0,0,0,0,0,0.0002,0.0002,0,0,0,0,0,0.0008,0.0002,0,0,0.0004,0,0,0,0,0,0,0,0,0,0,0,0,0,0.0004,0,0.0004,NA,0,0,0,NA,0,0.0006,0.0002,0,0,0,0.0014,0,0.0002,0.0008,0,0.0012,0,0,0,0,0,0.0001,0,0.0001,0,0,0.0001,0.0001,0,0,0.0001,0.0001,0,0.090909091,0.0001,0,0,1,0,0,0,0,0,0,0,0,0.0001,0,0,0,1,0.0001,0,0.0001,0,0,0,0,0.25,0,1,0.0001,0,0.0001,0,0.0001,0,0.0001,0.0001,1,0.0001,0,0,0
k__Bacteria;p__Firmicutes;c__Clostridia;o__Clostridiales;f__[Tissierellaceae];g__Peptoniphilus;s__,0,0,0,0,0,0,0,0,0,0,0,0,0,0,0,0,0,0,0,0,0,0,0,0,0,0,0,0,0,0.0264,0,0,0,0,0,NA,0.0002,0,0,NA,0,0,0,0,0,0.0004,0,0.0046,0,0,0,0,0,0,0,0,0,0,0,0,0,0,0,0,0,0,0,0,0,0,0,1,0,0,0,0,0,0,0,0,0,0,0,0,0.024570025,0,0,0,1,0,0,0.0001,0,0,0,0,2,0,0,0.0001,0.0001,0,0.058823529,2,3,0,0,0,0,0
k__Bacteria;p__Bacteroidetes;c__Bacteroidia;o__Bacteroidales;f__Prevotellaceae;g__Prevotella;s__copri,0.1514,0,0,0,0,0,0,0,0,0,0,0,0,0.3238,0,0,0,0,0,0,0,0,0,0,0,0,0,0,0,0,0,0,0,0.0002,0,NA,0,0,0,NA,0,0,0,0.0034,0,0,0,0,0,0,0,0,0,0,0,0.535714286,0,0,0,0,0,0,0,0,0,0,0,0,0.400655022,0,0,0,0,0,0,0,0,0,0,0,0,0,0,0,0,0,1,0,3,0,0,0,0,0,0.0001,0.0001,0,0,5,0,0,0,0,0,0,0,0,0,0,0
k__Bacteria;p__Synergistetes;c__Synergistia;o__Synergistales;f__Dethiosulfovibrionaceae;g__Pyramidobacter;s__piscolens,0,0,0,0,0,0,0,0,0,0,0,0,0,0,0,0,0,0,0,0,0,0,0,0.0166,0,0,0,0,0,0,0,0,0,0,0,NA,0,0,0,NA,0,0,0,0,0,0,0,0,0,0,0,0,0,0,0,0,0,0,0,0,0,0,0,0,0,0,0,0,0,0,0,0,0,0,0,0,0,0,0.01863354,0,0,0,0,0,0,0,0,0,0,0,0,0,0,0,0,0,0,0,0,0,0,0,0,0,0,0,0,0,0,0
k__Bacteria;p__Firmicutes;c__Erysipelotrichi;o__Erysipelotrichales;f__Erysipelotrichaceae;g__Bulleidia;Other,0,0,0,0,0,0,0,0,0,0,0,0,0,0,0,0,0,0,0,0,0,0,0,0,0,0,0,0,0,0,0.0072,0,0,0,0,NA,0,0,0,NA,0,0,0,0,0,0.0152,0,0,0,0,0,0,0,0,0,0,0,0,0,0,0,0,0,0,0,0,0,0,0,0,0,0,0,0,0,0,0,0,0,0,0,0,0,0,0,44,0,0,0,0,0,0,0,0,0,0,0,0,0,0,4.636363636,0,0,0,0,0,0,0,0,0
k__Bacteria;p__Firmicutes;c__Erysipelotrichi;o__Erysipelotrichales;f__Erysipelotrichaceae;g__Allobaculum;s__,0,0,0,0,0,0,0,0,0,0,0,0,0,0,0,0,0,0,0,0,0,0,0,0,0,0,0,0,0,0,0,0,0,0,0,NA,0,0,0,NA,0,0,0,0,0,0,0,0,0,0,0,0,0.0206,0,0,0,0,0,0,0,0,0,0,0,0,0,0,0,0,0,0,0,0,0,0,0,0,0,0,0,0,0,0,0,0,0,0,0,0,0,0,0,0,0,0,0,0,0,0,0,0,0,0,0,0,0,0,73,0,0
k__Bacteria;p__Firmicutes;c__Clostridia;o__Clostridiales;f__Veillonellaceae;g__Veillonella;s__,0,0,0,0,0,0,0,0,0,0,0,0,0,0,0,0,0,0,0,0,0,0,0.2054,0,0,0,0.1118,0,0,0,0,0,0,0,0,NA,0,0.0392,0,NA,0,0,0,0,0,0,0,0,0,0,0,0,0,0,0,0,0,0,0,0,0,0,0,0,0,0,0,0,0,0,0,0,0,0,0,0,0,0.392244594,0,0,0,18.04347826,0,0,0,0,0,0,0,0,0,0,1.301886792,0,0,0,0,0,0,0,0,0,0,0,0,0,0,0,0,0
k__Bacteria;p__Firmicutes;c__Clostridia;o__Clostridiales;f__Veillonellaceae;Other;Other,0,0,0,0,0,0,0,0,0,0,0,0,0,0,0,0,0,0,0,0,0,0,0.0034,0,0,0,0,0,0,0.0348,0,0,0,0,0.0002,NA,0,0,0,NA,0,0,0,0,0,0,0,0,0,0,0,0.0002,0,0,0,0,0,0,0,0,0,0,0,0,0,0,0,0,0,0,0,0,0,0,0,0,0,0.095238095,0,0,0,0,0,0,3.538461538,0,0,0,0,0.0001,0,0,0,0,0,0,0,0,0,0,0,0,0,0,0,0,0.0001,0,0,0
k__Bacteria;p__Firmicutes;c__Bacilli;o__Lactobacillales;f__Leuconostocaceae;g__Weissella;s__,0,0,0,0,0,0,0,0,0,0,0,0,0,0,0,0,0,0,0,0,0,0,0,0,0,0,0.006,0,0,0,0,0,0,0,0,NA,0,0,0,NA,0,0,0,0,0,0,0,0,0,0,0,0,0,0,0,0,0,0,0,0,0,0,0,0,0,0,0,0,0,0,0,0,0,0,0,0,0,0,0,0,0,33,0,0,0,0,0,0,0,0,0,0,0,0,0,0,0,0,0,0,0,0,0,0,0,0,0,0,0,0
k__Bacteria;p__Firmicutes;c__Bacilli;o__Lactobacillales;f__Lactobacillaceae;g__Pediococcus;Other,0,0,0,0,0,0,0,0,0,0,0,0,0,0,0,0,0,0,0,0,0,0,0.0198,0,0,0,0,0,0,0.0006,0,0,0,0,0,NA,0,0,0,NA,0,0,0,0,0,0,0,0,0,0,0,0,0,0,0,0,0,0,0,0,0,0,0,0,0,0,0,0,0,0,0,0,0,0,0,0,0,28,0,0,0,0,0,0,15,0,0,0,0,0,4.166666667,0,0,0,0,0,0,0,0,0,0,0,0,0,0,0,0,0,0,0
k__Bacteria;p__Firmicutes;c__Bacilli;o__Lactobacillales;f__Lactobacillaceae;g__Lactobacillus;s__mucosae,0,0,0,0,0,0,0,0,0,0,0,0,0,0,0,0,0,0,0,0,0,0,0,0,0,0,0,0,0,0,0,0,0,0,0,NA,0,0,0,NA,0,0,0,0.016,0,0,0,0,0,0,0,0,0,0,0,0,0,0,0,0,0,0,0,0,0,0,0,0,0,0,0,0,0,0,0,0,0,0,0,0,0,0,0,0,0,0,0,0,0,0,1.454545455,0,0,0,0,0,0,0,75,0,0,0,0,0,0,0,0,0,0,0
k__Bacteria;p__Firmicutes;c__Bacilli;o__Lactobacillales;f__Lactobacillaceae;g__Lactobacillus;s__zeae,0,0,0,0,0,0,0,0,0,0,0,0,0,0,0,0,0,0,0,0,0.0002,0,0.0004,0,0,0,0,0,0.0016,0,0,0.007,0,0.0002,0,NA,0,0,0.0002,NA,0,0.0034,0,0,0,0.0006,0,0,0,0,0,0,0,0,0.0002,0,0,0,0,0,0,0,0,0,0,0,0,0,0,0,0,0,0,0,0,0.5,0,6,0,0,0,0,0,0.25,0,0,0.166666667,0,1,0,2,0,0,0.0001,0,0,1.6,0,0,0,0.0001,0,0,11,0,0,0,0,0,15
k__Bacteria;p__Proteobacteria;c__Gammaproteobacteria;o__Pasteurellales;f__Pasteurellaceae;g__Haemophilus;s__parainfluenzae,0,0,0,0,0,0,0,0,0.0002,0,0,0.0004,0,0,0,0,0,0,0,0,0,0,0,0,0,0,0,0,0,0,0,0.0002,0,0,0.0086,NA,0,0,0,NA,0,0,0.0008,0,0,0,0,0.0048,0.0036,0,0.0006,0,0.0114,0,0,0.0001,0,0,0,0,0,0,0,0.0001,0,0,0.0001,0,0,0,0,0,0,0,0,0,0,0,0,0,0,0,0,0,0,0,0.0001,0,0,95,10,0,0,0,12.5,0,0,0.0001,0,0,0,0,43,46,0,7,0,65,0,0.0001
k__Bacteria;p__Firmicutes;c__Clostridia;o__Clostridiales;f__Eubacteriaceae;g__Pseudoramibacter_Eubacterium;s__,0,0,0,0,0,0,0,0.0284,0,0,0,0,0,0,0,0.0008,0,0,0,0,0,0,0,0,0,0.002,0.013,0,0,0,0,0.0002,0,0,0,NA,0,0,0,NA,0,0.009,0,0,0,0,0,0,0,0,0,0,0.004,0,0,0,0,0,0,0.0001,0,0,0.110526316,0,0,0,0,0,0,0,0.0001,0,0,0,0,0,0,0,0,0,0.035714286,3.090909091,0.2,0,0,0,2,0,0,0,0,0,0,0,0,0,0.029126214,0,0,0,0,0,0,0,0,0,0,0.011904762,0,0
k__Bacteria;p__Bacteroidetes;c__Bacteroidia;o__Bacteroidales;f__Bacteroidaceae;g__Bacteroides;s__plebeius,0,0,0.002,0,0,0,0,0,0.0002,0,0,0,0,0,0,0,0,0,0,0,0,0,0,0,0,0,0,0,0,0,0,0,0,0,0,NA,0,0,0,NA,0,0,0,0,0,0,0,0,0,0,0.0384,0,0,0,0,0,0,0.166666667,0,0,0,0,0,0.0001,0,0,0,0,0,0,0,0,0,0,0,0,0,0,0,0,0,0,0,0,0,0,0,0,0,0,0,1,0,0,0,0,0,0,0,0,0,0,0,0,0,2.184210526,0,0,0,0
k__Bacteria;p__Firmicutes;c__Clostridia;o__Clostridiales;f__Lachnospiraceae;g__Roseburia;s__,0.006,0.0112,0.0202,0.0176,0.0086,0.0484,0.0076,0.0132,0.0182,0.0216,0.0032,0.002,0.0096,0.0092,0.0098,0.0232,0.0244,0.015,0.008,0.0312,0.0002,0,0,0.0026,0.03,0.005,0.0002,0,0.0032,0,0.0122,0.0002,0.0022,0.003,0.0516,NA,0.003,0.0002,0.0004,NA,0.0134,0.0014,0.0086,0,0.0098,0,0,0,0.0218,0.0056,0.0216,0.0468,0.0216,0.0038,0,0.027027027,0.0001,0.058139535,0.032258065,0.039215686,0.053475936,0.024390244,0.108108108,0.268041237,0.09375,0.038461538,0.0001,0.048780488,0.212765957,0.046511628,0.020134228,0.2265625,0.016528926,0.063829787,0.14556962,0.0001,0,0,0.0001,0.039370079,0.0001,0.0001,0,0.0001,0,0.01183432,0.0001,0.029411765,0.033333333,0.002369668,23,0.0001,0.0001,0.0001,0.044642857,0.0001,0.0001,0.0001,0,1.875,0,0,0,0.007194245,0.285714286,0.049382716,0.015100671,0.090909091,0.333333333,0
