GenomeID	Aggregation_score
678402	1
824284	1
820075	1
817305	1
564228	1
108279	1
582121	1
536378	1
243125	1
488026	1
488071	1
488090	1
589503	1
4331428	1
246525	1
1132548	1
243869	1
4331425	1
249845	1
4445213	1
537197	1
591112	1
567472	1
576126	1
4331429	1
236267	1
585161	1
4341752	1
878103	1
4331431	1
247510	1
247554	1
1131270	1
253815	1
900015	1
253918	1
540939	1
274467	1
111281	1
284709	1
282842	1
554457	1
276722	1
195318	1
188972	1
181735	1
740979	1
3314391	1
3040271	1
3314393	1
3314394	1
4345138	1
129615	1
22255	1
207669	1
4451464	1
285068	1
4469673	1
3314396	1
253436	1
332151	1
3314392	1
3314395	1
2558692	1
3314400	1
3032326	1
549331	1
567725	1
16783	1
584544	1
154138	1
152742	1
152140	1
150800	1
154941	1
154666	1
1112486	1
375527	1
4340500	1
74252	1
100100	1
242664	1
4336822	1
154507	1
155969	1
150709	1
152328	1
156105	1
156158	1
151605	1
155285	1
154634	1
152080	1
151631	1
156108	1
152139	1
156115	1
151924	1
154244	1
156329	1
153179	1
150740	1
150998	1
152585	1
151192	1
154046	1
155788	1
155376	1
150929	1
152975	1
152888	1
151028	1
152256	1
150806	1
152032	1
155347	1
150895	1
151407	1
154713	1
153400	1
152161	1
152372	1
155231	1
154349	1
153663	1
155125	1
154346	1
151530	1
150974	1
151431	1
150938	1
155990	1
154862	1
154450	1
154455	1
153658	1
155747	1
152596	1
151659	1
153771	1
153063	1
151624	1
153358	1
155907	1
153865	1
153685	1
156355	1
155328	1
152461	1
153423	1
156260	1
150964	1
154660	1
151465	1
155664	1
151405	1
154749	1
155662	1
156059	1
155610	1
155930	1
155821	1
155198	1
151802	1
155388	1
153755	1
151516	1
155238	1
155797	1
152634	1
151361	1
152445	1
153884	1
152254	1
152472	1
155903	1
152172	1
152389	1
4391672	1
155997	1
4468023	1
1007898	1
1106944	1
4468020	1
4468022	1
4430858	1
1106483	1
4430859	1
1110852	1
250848	1
765220	1
533416	1
218489	1
537054	1
217414	1
606339	1
3367055	1
4468654	1
151023	1
3405914	1
1130337	1
1106978	1
310656	1
1146961	1
154554	1
154319	1
153643	1
156067	1
574496	1
101827	1
107041	1
73951	1
2311731	1
569532	1
91686	1
199292	1
101679	1
4308839	1
4397099	1
2432030	1
14592	1
1121217	1
123511	1
14591	1
1119475	1
445261	1
271949	1
4481859	1
4365629	1
4472291	1
270830	1
1853242	1
2381995	1
4366414	1
756809	1
654062	1
1119940	1
4433966	1
4431851	1
662548	1
800371	1
682137	1
747595	1
251285	1
142908	1
818254	1
455130	1
585863	1
2730944	0
522595	0
4443171	0
157905	0
514209	0
157712	0
514139	0
525360	0
526778	0
522813	0
851885	0
469778	0
4377225	0
207799	0
209383	0
210534	0
208244	0
1602816	0
216565	0
216172	0
213963	0
216367	0
329947	0
158019	0
158927	0
4408796	0
4379172	0
1942927	0
3271772	0
1942926	0
517504	0
519691	0
522731	0
526626	0
526838	0
524657	0
520989	0
532457	0
523362	0
531619	0
514131	0
525727	0
515174	0
521970	0
525352	0
526510	0
531147	0
531956	0
525304	0
520401	0
531396	0
525954	0
509393	0
527533	0
514873	0
528254	0
529293	0
517747	0
523480	0
517249	0
526365	0
531949	0
525664	0
516956	0
518458	0
509646	0
521624	0
531873	0
511117	0
530909	0
531761	0
523759	0
516889	0
516791	0
519079	0
520849	0
524489	0
532053	0
514284	0
522706	0
528863	0
517564	0
523705	0
520293	0
521512	0
524843	0
524999	0
516466	0
514133	0
526378	0
136022	0
514966	0
530804	0
530349	0
517025	0
258478	0
158822	0
527577	0
518281	0
524522	0
526690	0
511560	0
531346	0
529842	0
320291	1
307520	1
318980	1
336828	1
328718	1
346971	1
325714	1
330832	1
329298	1
338522	1
305513	1
341782	1
317895	1
336860	1
334245	1
328874	1
330698	1
331607	1
324142	1
345685	1
331070	1
355299	1
327773	1
314070	1
352461	1
352054	1
316454	1
309984	1
337166	1
313103	1
323046	1
332685	1
337501	1
310607	1
354250	1
330085	1
316392	1
320565	1
336733	1
341521	1
356342	1
315454	1
342296	1
306694	1
350615	1
346184	1
329454	1
318330	1
348262	1
326307	1
304332	1
321871	1
319001	1
341398	1
349922	1
332038	1
309149	1
322791	1
351391	1
344586	1
304866	1
336191	1
334263	1
326631	1
320145	1
332066	1
303691	1
312046	1
328164	1
349605	1
315625	1
314854	1
325876	1
314630	1
313443	1
322917	1
325905	1
355310	1
315260	1
327403	1
316328	1
322685	1
317977	1
313283	1
337720	1
305352	1
309327	1
333217	1
332594	1
336573	1
350414	1
311711	1
320188	1
330691	1
309999	1
316442	1
346739	1
353610	1
341742	1
307007	1
332036	1
331514	1
348162	1
320053	1
345408	1
345081	1
341585	1
337370	1
305435	1
355263	1
327570	1
343803	1
309205	1
349742	1
305798	1
315107	1
318017	1
305613	1
315370	1
347508	1
328903	1
351782	1
310908	1
347733	1
315839	1
351265	1
348717	1
315387	1
321588	1
352514	1
334779	1
320085	1
349270	1
335637	1
331180	1
313011	1
349879	1
354216	1
335251	1
332681	1
339765	1
337625	1
315031	1
329024	1
318327	1
354703	1
335033	1
348541	1
318915	1
316780	1
323228	1
327458	1
353880	1
305478	1
321226	1
337695	1
328943	1
315389	1
311411	1
343806	1
305365	1
320312	1
330940	1
340310	1
307776	1
303707	1
343526	1
342712	1
353697	1
315067	1
356130	1
317312	1
314100	1
335975	1
314105	1
337804	1
343834	1
311553	1
353962	1
336008	1
318754	1
320082	1
332987	1
355636	1
344287	1
306685	1
326447	1
333265	1
319811	1
321587	1
314770	1
321252	1
323387	1
316272	1
345173	1
351482	1
311492	1
311178	1
310262	1
349709	1
308147	1
348329	1
305118	1
310075	1
347444	1
313916	1
356583	1
317839	1
319335	1
350671	1
328958	1
354408	1
334039	1
315371	1
325856	1
349921	1
334438	1
338178	1
345615	1
342710	1
341970	1
339682	1
306642	1
305216	1
331770	1
323821	1
348490	1
318239	1
315321	1
328756	1
352605	1
306809	1
339081	1
344234	1
351843	1
353082	1
331177	1
336883	1
328219	1
332049	1
306700	1
320129	1
320720	1
321544	1
355170	1
339888	1
304058	1
354749	1
330887	1
306547	1
309943	1
304826	1
331127	1
320028	1
325005	1
329300	1
315207	1
347386	1
337590	1
328162	1
308304	1
311643	1
333615	1
306751	1
346936	1
329577	1
309346	1
317781	1
308800	1
310441	1
332640	1
349293	1
313115	1
333497	1
354556	1
337463	1
353091	1
355235	1
343652	1
341495	1
343193	1
312273	1
331153	1
342916	1
310154	1
342297	1
334833	1
304997	1
327985	1
347008	1
353929	1
308635	1
313653	1
306410	1
334124	1
304488	1
315244	1
304827	1
340268	1
305231	1
352221	1
356145	1
326240	1
344295	1
320023	1
341363	1
306108	1
306325	1
326931	1
324859	1
355031	1
350257	1
351706	1
350977	1
303922	1
325020	1
339105	1
307724	1
330283	1
348352	1
339737	1
308960	1
306394	1
348111	1
311607	1
326686	1
324841	1
323913	1
315988	1
349807	1
354352	1
314955	1
330842	1
309059	1
329545	1
307799	1
336082	1
341652	1
332235	1
317183	1
308784	1
322432	1
330049	1
353496	1
340579	1
323682	1
336974	1
355417	1
353199	1
303918	1
345103	1
326496	1
332082	1
313976	1
321333	1
311601	1
349797	1
311660	1
325702	1
304091	1
313532	1
333918	1
326798	1
356182	1
320574	1
327952	1
339321	1
332985	1
330789	1
313072	1
324631	1
334596	1
304303	1
339801	1
327606	1
316861	1
346153	1
353107	1
320086	1
348318	1
338794	1
346944	1
355672	1
330535	1
356347	1
335250	1
343646	1
347646	1
351490	1
324166	1
330901	1
355050	1
321904	1
318160	1
317259	1
327360	1
354828	1
338611	1
309711	1
348145	1
355598	1
306000	1
324085	1
329863	1
309628	1
352065	1
354447	1
348342	1
342951	1
314816	1
309016	1
352114	1
4368216	1
4473390	1
3671893	1
1914463	1
1750724	1
3918305	1
4472431	1
4428738	1
3674084	1
3897539	1
4464367	1
4473394	1
4434312	1
1914047	1
3058923	1
4357215	1
2590734	1
4232415	1
2466051	1
4453551	1
4438998	1
4351727	1
2590663	1
4434962	1
4327304	1
4434964	1
4392720	1
4462813	1
2195005	1
3465248	1
4484266	1
4369404	1
2922362	1
360400	1
364553	1
363304	1
130228	1
133416	1
131319	1
360058	1
357843	1
359318	1
368564	1
365496	1
368623	1
344398	1
367320	1
359248	1
351404	1
208018	1
210142	1
210247	1
204961	1
216260	1
209168	1
206944	1
212515	1
211068	1
205210	1
215817	1
205822	1
208421	1
212941	1
204980	1
213935	1
217040	1
204116	1
212975	1
203787	1
209840	1
216619	1
210260	1
204505	1
216358	1
204907	1
215273	1
205373	1
207027	1
209548	1
206272	1
211152	1
209547	1
208872	1
215172	1
214608	1
210093	1
209206	1
204836	1
206170	1
212353	1
204991	1
216759	1
214966	1
211218	1
214950	1
207146	1
210519	1
209159	1
214967	1
207608	1
207933	1
207279	1
211912	1
206880	1
212082	1
211267	1
203595	1
211641	1
208228	1
215428	1
216860	1
204150	1
215671	1
215008	1
206568	1
216039	1
204540	1
209354	1
208211	1
213607	1
214406	1
212552	1
210082	1
216663	1
212416	1
206136	1
208325	1
216415	1
209718	1
204843	1
215166	1
209447	1
216340	1
212500	1
204562	1
210962	1
216302	1
212604	1
204809	1
207862	1
204326	1
213980	1
207953	1
213480	1
213457	1
216374	1
209271	1
206146	1
208952	1
213857	1
215694	1
208881	1
206746	1
216723	1
214794	1
212163	1
205707	1
209636	1
214564	1
212031	1
216897	1
213554	1
206894	1
213484	1
206160	1
205347	1
206116	1
206364	1
208574	1
211946	1
216845	1
215690	1
210907	1
208339	1
210025	1
215747	1
214568	1
205622	1
215197	1
807963	1
4449055	1
348525	1
328301	1
338972	1
345852	1
313859	1
350388	1
352996	1
338404	1
306759	1
134286	1
204420	1
209101	1
205442	1
340476	1
342862	1
356645	1
215377	1
322339	1
210939	1
183660	1
194795	1
181874	1
182092	1
174188	1
196208	1
187698	1
174475	1
180144	1
291536	1
199612	1
360999	1
361354	1
187751	1
323422	1
210155	1
205546	1
204434	1
211624	1
205240	1
217086	1
213509	1
215683	1
208908	1
213331	1
214000	1
205526	1
213970	1
259329	1
4387902	1
360618	1
366736	1
126952	1
118006	1
114030	1
349895	1
307313	1
312000	1
317358	1
353607	1
330760	1
307541	1
346579	1
331670	1
353404	1
328908	1
342363	1
350880	1
339846	1
346823	1
352791	1
336545	1
345171	1
311002	1
350144	1
207185	1
308569	1
334335	1
352617	1
340378	1
306829	1
306842	1
355539	1
306384	1
317360	1
1145671	1
133384	1
131236	1
204847	1
212906	1
215420	1
214397	1
205318	1
216577	1
208811	1
215063	1
214976	1
212844	1
216354	1
214894	1
212406	1
210291	1
213735	1
214127	1
206546	1
214204	1
206610	1
210599	1
214852	1
210241	1
216792	1
203748	1
209589	1
214946	1
206117	1
216721	1
209398	1
208364	1
203669	1
208039	1
211271	1
209853	1
206637	1
216738	1
209029	1
203841	1
211512	1
206836	1
213673	1
206408	1
216253	1
204662	1
207412	1
213463	1
214631	1
213815	1
210695	1
216242	1
323325	1
211608	1
206150	1
204595	1
207782	1
207408	1
210480	1
210448	1
215443	1
208575	1
215990	1
209014	1
214280	1
213491	1
216446	1
204260	1
216729	1
205695	1
206057	1
203781	1
204557	1
207872	1
215361	1
212672	1
211162	1
216014	1
214634	1
203690	1
213861	1
210829	1
212633	1
215084	1
204962	1
339646	1
311938	1
342554	1
310750	1
316500	1
207006	1
216590	1
209008	1
216960	1
204109	1
205362	1
215625	1
205219	1
216682	1
216333	1
207766	1
211396	1
203961	1
212111	1
207052	1
316696	1
324250	1
339748	1
316604	1
338406	1
353111	1
320499	1
345264	1
334810	1
355317	1
316353	1
311272	1
323397	1
307793	1
326708	1
337364	1
311292	1
338026	1
306818	1
342528	1
344694	1
353059	1
334772	1
336234	1
327713	1
351789	1
330344	1
309539	1
311891	1
303705	1
347562	1
342141	1
338300	1
307527	1
341469	1
313067	1
344891	1
338005	1
337545	1
317245	1
343444	1
334102	1
320641	1
313082	1
328344	1
353665	1
310389	1
332234	1
311543	1
327148	1
313408	1
337685	1
345415	1
336405	1
356527	1
328264	1
344065	1
321490	1
338216	1
326480	1
326365	1
314758	1
354211	1
337401	1
334865	1
308540	1
351516	1
337736	1
352849	1
317904	1
353424	1
354711	1
309859	1
351915	1
304662	1
308290	1
346510	1
314932	1
311253	1
338072	1
342557	1
321350	1
317414	1
350956	1
347373	1
353484	1
356000	1
345676	1
332821	1
304802	1
315960	1
336254	1
348314	1
337247	1
334131	1
341288	1
337725	1
346182	1
355279	1
315316	1
355201	1
324586	1
356159	1
319650	1
308178	1
318770	1
308150	1
308530	1
308221	1
306028	1
310223	1
342435	1
212729	1
205361	1
187388	1
304077	1
322393	1
304755	1
313793	1
341991	1
308514	1
343061	1
333976	1
328588	1
306506	1
314351	1
316310	1
324773	1
307234	1
350744	1
334622	1
334975	1
349711	1
336834	1
336297	1
338726	1
188706	1
362727	1
209336	1
308680	1
338815	1
334558	1
328087	1
370105	1
318833	1
305778	1
311950	1
308034	1
359098	1
193082	1
198691	1
320748	1
333968	1
353253	1
4432638	1
301335	1
99013	1
4405928	1
593003	1
560355	1
579217	1
536272	1
581590	1
544933	1
30243	1
16594	1
198700	1
704806	1
39484	1
22676	1
357047	1
4345703	1
4452539	1
317072	1
334567	1
324542	1
342036	1
323594	1
334081	1
345828	1
323898	1
331905	1
343756	1
319974	1
338807	1
339102	1
316860	1
348913	1
349357	1
303483	1
350194	1
345649	1
346623	1
348028	1
366831	1
368477	1
557948	1
235262	1
469850	1
268343	1
469849	1
4483835	1
326977	1
805849	1
243845	1
544348	1
552589	1
553621	1
555878	1
572768	1
534022	1
583021	1
589777	1
557846	1
582332	1
562827	1
538313	1
562247	1
543055	1
577501	1
583693	1
573489	1
584151	1
593295	1
578453	1
588599	1
594260	1
587810	1
553572	1
592390	1
536616	1
568109	1
557112	1
586264	1
537337	1
561572	1
566989	1
591819	1
580523	1
581119	1
567898	1
567499	1
551505	1
564065	1
538909	1
543866	1
545684	1
578950	1
567946	1
547300	1
564446	1
577701	1
557040	1
538995	1
582094	1
562631	1
536842	1
589585	1
535580	1
551150	1
590981	1
23359	1
145396	1
127611	1
338124	1
584375	1
358189	1
805132	1
370225	1
538514	1
71274	1
4347159	1
359448	1
579407	1
810722	1
369770	1
36261	1
588954	1
365808	1
318817	1
311316	1
326189	1
328546	1
330343	1
322549	1
309215	1
344156	1
305137	1
316505	1
322958	1
333183	1
149324	1
554085	1
357927	1
360521	1
4300533	1
4463373	1
344740	1
303630	1
336361	1
355074	1
336884	1
315361	1
343582	1
315080	1
356485	1
303601	1
335406	1
50025	1
818249	1
161686	1
576150	1
569523	1
584215	1
579996	1
570998	1
556027	1
589732	1
581737	1
543984	1
4339150	1
4426298	1
52295	1
44833	1
1593802	1
4454617	1
755975	1
4379589	1
1114904	1
4339398	1
4379591	1
575803	1
569947	1
4379587	1
4379586	1
563522	1
4361792	1
4379588	1
2272537	1
4443048	1
424502	1
382488	1
456935	1
448275	1
434302	1
387004	1
415644	1
467932	1
465674	1
443709	1
391150	1
427142	1
370747	1
422986	1
413218	1
372588	1
440152	1
4426545	1
381131	1
389614	1
4474995	1
4400103	1
4329887	1
1796214	1
1740487	1
3080164	1
2055532	1
4480468	1
4448230	1
4474657	1
2504802	1
4325499	1
4354665	1
773978	1
4328648	1
4479907	1
4392820	1
2025886	1
4439261	1
1738840	1
471186	1
12630	1
1136813	1
4452055	1
48030	1
71420	1
260297	1
229668	1
102896	1
4485181	1
42998	1
589872	1
144240	1
142089	1
824075	1
814268	1
701877	1
51788	1
4331147	1
365385	1
469852	1
826930	1
4064196	1
4328071	1
4286813	1
811375	1
1680183	1
805287	1
4480035	1
4307875	1
12627	1
292849	1
230923	1
12617	1
12624	1
4444519	1
615525	1
805114	1
102411	1
814861	1
2890404	1
818007	1
214782	1
706023	1
655348	1
701777	1
569015	1
1958971	1
3967092	1
4367709	1
4470067	1
2858769	1
365925	1
356844	1
364511	1
123015	1
4199309	1
484303	1
469853	1
637802	1
1502395	1
1114137	1
4475411	1
4387569	1
109710	1
108029	1
1130564	1
46223	1
709485	1
56345	1
68376	1
68373	1
68377	1
68379	1
816136	1
102588	1
102430	1
102273	1
77771	1
78304	1
4353305	1
816276	1
565923	1
812805	1
818036	1
37229	1
133623	1
128262	1
130610	1
133390	1
132377	1
137257	1
133096	1
131881	1
136937	1
130519	1
2698958	1
4482916	1
2299931	1
4199314	1
3849719	1
2873477	1
4368338	1
3111593	1
1734991	1
4199317	1
2346766	1
2732953	1
4325842	1
2310551	1
4363830	1
3642925	1
2778305	1
4265942	1
2017247	1
2873449	1
2671735	1
3040946	1
2996420	1
3140955	1
1798850	1
3257157	1
3855317	1
4393914	1
2110988	1
4255037	1
4044247	1
3135778	1
2851977	1
2187085	1
1756076	1
1650846	1
1809528	1
2310555	1
1916038	1
2872767	1
4328565	1
3212800	1
4414402	1
2310545	1
2202767	1
4450927	1
3195566	1
3286710	1
4087129	1
3060299	1
4433005	1
2473390	1
2070597	1
2872764	1
3000030	1
3306213	1
3697176	1
4474054	1
4466611	1
2070598	1
3286713	1
2841142	1
133436	1
4396138	1
742595	1
820711	1
82861	1
132714	1
28109	1
809682	1
591285	1
535707	1
72820	1
549709	1
3890144	1
3678917	1
2088685	1
357505	1
325855	1
327510	1
304451	1
137484	1
469861	1
4296034	1
4399217	1
819118	1
4375737	1
4369455	1
4473352	1
828199	1
851597	1
469865	1
4393975	1
110286	1
105328	1
4464215	1
234188	1
828642	1
108032	1
212053	1
4347385	1
3273405	1
4279664	1
3446356	1
1897776	1
4461745	1
4461744	1
1897779	1
3938557	1
55278	1
142801	1
828629	1
1925662	1
4351619	1
4440467	1
4396792	1
3454274	1
783656	1
4396429	1
1044696	1
2722754	1
949060	1
4422068	1
926197	1
4426297	1
1540893	1
299411	1
298762	1
817895	1
104974	1
621529	1
71297	1
816522	1
812653	1
4439550	1
820527	1
4478979	1
57338	1
106301	1
1116663	1
4379592	1
1116021	1
816774	1
591550	1
550594	1
550094	1
535434	1
587784	1
588523	1
593412	1
592313	1
555098	1
555653	1
552885	1
593806	1
539689	1
587383	1
553797	1
231717	1
591465	1
194910	1
4461019	1
4368340	1
4450299	1
4475485	1
4377126	1
1940824	1
3288936	1
4082722	1
3645069	1
2058363	1
2009573	1
4446454	1
4366377	1
1535387	1
4396020	1
3715639	1
4364808	1
4410305	1
4313930	1
3928591	1
4371242	1
2671847	1
3812366	1
3834797	1
2962980	1
3212799	1
2841134	1
2589202	1
4315981	1
3517726	1
370126	1
366429	1
577049	1
309906	1
311111	1
317348	1
321879	1
327885	1
324134	1
320563	1
331681	1
330557	1
333071	1
326787	1
336314	1
349814	1
325448	1
327597	1
353847	1
313028	1
316078	1
324765	1
348464	1
354069	1
341697	1
307813	1
351902	1
356490	1
331072	1
310090	1
351448	1
313215	1
343705	1
303733	1
308148	1
319090	1
346397	1
319732	1
316218	1
352260	1
340932	1
1082723	1
325959	1
583638	1
314614	1
587374	1
589302	1
4484977	1
4484978	1
4376366	1
514926	1
594044	1
548378	1
216519	1
637608	1
822116	1
561483	1
559527	1
521933	1
3177392	1
535896	1
566048	1
320826	1
546765	1
3291730	1
3286714	1
758055	1
4340682	1
630615	1
4429332	1
4475300	1
131391	1
309178	1
510526	1
529729	1
4115286	1
4115292	1
3782018	1
345078	1
4402022	1
681370	1
519290	1
530502	1
513323	1
3493362	1
3782015	1
353078	1
289954	1
4424723	1
2176008	1
12618	1
823947	1
295973	1
541939	1
4298222	1
146509	1
35146	1
4379590	1
697175	1
55846	1
289235	1
148340	1
4424726	1
1104712	1
550401	1
295384	1
292521	1
4376828	1
1142029	1
553611	1
4413347	1
471180	1
132041	1
4335781	1
825808	1
813479	1
1001255	0
767618	0
956420	0
701510	0
977841	0
877779	0
852299	0
112329	0
852012	0
766331	0
112313	0
867170	0
957437	0
769038	0
4381192	1
1126081	1
304633	1
1626935	1
3619164	1
325824	1
527761	1
4451843	1
715712	1
351541	1
550470	1
553111	1
13467	0
13469	0
558402	0
2960026	0
4441342	0
13413	0
13410	0
809948	0
13401	0
70082	0
72642	0
650615	0
829553	0
154910	0
152420	0
1107518	0
4327755	0
550155	0
535193	0
579435	0
808647	0
974704	0
1082006	0
855536	0
973220	0
1078020	0
613433	0
964637	0
650856	0
906845	0
707266	0
988176	0
777518	0
670166	0
746194	0
621242	0
725162	0
692010	0
687272	0
100589	0
653980	0
777108	0
310016	0
318791	0
323912	0
570148	0
1117324	0
139432	0
240066	0
943539	0
1046162	0
1025853	0
945450	0
990088	0
867828	0
989080	0
1023467	0
937908	0
1018536	0
1073207	0
962954	0
901301	0
912416	0
1077112	0
871076	0
1077391	0
970798	0
1013939	0
1007895	0
896901	0
1076332	0
921276	0
1074006	0
872396	0
1045588	0
964482	0
885885	0
976031	0
1017178	0
960855	0
3559370	0
958736	0
969605	0
864451	0
1024571	0
1085012	0
893294	0
915140	0
904315	0
992989	0
868775	0
1004448	0
1024155	0
901906	0
916100	0
856144	0
1068839	0
990566	0
1018629	0
1003949	0
1010699	0
913110	0
1038842	0
976372	0
1014154	0
973923	0
964780	0
935866	0
933633	0
876418	0
955338	0
909397	0
1046126	0
1015913	0
916546	0
911250	0
957329	0
893186	0
1032096	0
916781	0
986511	0
986556	0
962323	0
1038646	0
1039750	0
1034055	0
984345	0
1083577	0
975074	0
1082206	0
951527	0
1032809	0
970757	0
1043542	0
1041179	0
1063806	0
875932	0
978944	0
988741	0
940908	0
862643	0
1066719	0
1050089	0
1002081	0
932348	0
859148	0
869535	0
1078075	0
919304	0
985522	0
937510	0
1054898	0
733565	0
1084281	0
901023	0
948846	0
1091196	0
903929	0
1042037	0
908130	0
871146	0
1015471	0
924991	0
1029901	0
1008589	0
960807	0
1039466	0
974055	0
980264	0
1068448	0
1058362	0
858509	0
1018132	0
1044925	0
980125	0
976227	0
1033971	0
937241	0
863300	0
1022663	0
862518	0
1089134	0
1094560	0
926992	0
1092989	0
859790	0
929857	0
1084283	0
1090386	0
1006543	0
991067	0
1076416	0
878006	0
1063814	0
1054883	0
1102166	0
1054911	0
934698	0
1018427	0
1072526	0
912589	0
878453	0
911788	0
1005073	0
1063270	0
683286	0
1033622	0
763148	0
911215	0
777085	0
1101516	0
943791	0
940345	0
1075677	0
994547	0
662764	0
882973	0
530875	0
529280	0
524732	0
527804	0
519429	0
515301	0
512677	0
526394	0
1084182	0
1055390	0
936219	0
3812561	0
518376	0
532227	0
512806	0
752554	0
91216	0
4402205	0
522984	0
113265	0
4345055	0
4380764	0
91111	0
13387	0
720581	0
13386	0
2231365	0
4367820	0
106078	0
43991	0
4441889	0
4441886	0
365859	0
358168	0
217491	0
13388	0
291228	0
532104	0
4337480	0
680239	0
807985	0
837079	0
916964	0
1028555	0
1067359	0
1089399	0
931156	0
1079305	0
871365	0
708243	0
1091207	0
666344	0
299576	0
4446436	1
263628	1
885675	1
753859	1
919872	1
1016027	1
855563	1
983905	1
766384	1
924539	1
685438	1
947054	1
645312	1
805591	1
4414563	1
4327904	1
2874960	1
2874959	1
4414562	1
4414561	1
811996	1
28138	1
149299	1
574034	1
578812	1
584916	1
36767	1
151977	1
4338018	1
542973	1
219825	1
1121085	1
152300	1
1104674	1
150406	1
146041	1
4387649	1
4485738	1
673916	1
131660	1
682681	1
639301	1
134520	1
129930	1
4334743	1
137348	1
4316884	1
4357894	1
130015	1
132636	1
128379	1
3682569	1
4347381	1
4298226	1
4341944	1
4381793	1
4341947	1
130097	1
15120	1
107850	1
4325781	1
326330	1
3661031	1
916690	1
4345087	1
161656	1
1541410	1
160039	1
101649	1
185047	1
293860	1
641448	1
112321	1
1144107	1
107848	1
70954	1
1141906	1
73747	1
24230	1
612461	1
770476	1
610175	1
738117	1
790237	1
704811	1
801169	1
777589	1
654118	1
754949	1
742799	1
643396	1
659429	1
663086	1
786558	1
711720	1
720515	1
735617	1
785381	1
766733	1
633240	1
735594	1
685332	1
789302	1
756668	1
789426	1
693670	1
778586	1
689974	1
793286	1
614775	1
730183	1
641111	1
772073	1
768909	1
745511	1
652709	1
685448	1
678712	1
628647	1
650442	1
799101	1
750380	1
4432314	1
732035	1
631955	1
705446	1
822513	1
717308	1
717443	1
758496	1
667504	1
755892	1
616504	1
700439	1
696777	1
715701	1
794114	1
718253	1
795893	1
618304	1
755471	1
711498	1
769061	1
764301	1
642356	1
673203	1
783558	1
721935	1
693157	1
622951	1
704439	1
107847	1
793611	1
661164	1
656776	1
661033	1
770229	1
794819	1
742163	1
709702	1
4481557	1
622613	1
699376	1
715932	1
754504	1
696168	1
700522	1
800479	1
688740	1
639934	1
618739	1
611329	1
632543	1
643414	1
709818	1
754465	1
798550	1
717861	1
667087	1
668035	1
656220	1
644822	1
271479	1
697538	1
688494	1
656909	1
778016	1
732139	1
677913	1
652479	1
561757	1
819080	1
770762	1
814781	1
702177	1
621220	1
823375	1
708134	1
750951	1
726068	1
611601	1
768453	1
788801	1
1011273	1
613692	1
799149	1
754842	1
656877	1
751118	1
630816	1
1017232	1
732193	1
687759	1
693804	1
647524	1
779381	1
788649	1
777775	1
730952	1
798491	1
658155	1
646824	1
703271	1
717837	1
4321391	1
773974	1
615315	1
742933	1
785066	1
688092	1
709146	1
611431	1
692393	1
732942	1
144067	1
652891	1
4340219	1
641022	1
773894	1
686126	1
819291	1
755237	1
549195	1
710893	1
704123	1
798572	1
694254	1
293557	1
779410	1
757788	1
635935	1
664849	1
666879	1
719767	1
714838	1
644514	1
731568	1
819805	1
743063	1
658823	1
799253	1
822032	1
796577	1
4449490	1
4473180	1
4319828	1
4316892	1
4445332	1
4331169	1
4341939	1
129391	1
132948	1
134046	1
131072	1
129588	1
131628	1
129712	1
138103	1
4468808	1
1991316	1
133803	1
534819	1
590996	1
509657	1
539842	1
556613	1
569613	1
536725	1
591814	1
512425	1
592254	1
546575	1
534055	1
558439	1
4453490	1
4365875	1
4390440	1
512983	1
585337	1
581631	1
588678	1
556719	1
508989	1
571465	1
583568	1
545087	1
539364	1
577534	1
540277	1
573832	1
141615	1
915016	1
1065994	1
982595	1
976768	1
892841	1
860830	1
997877	1
1005544	1
967800	1
791016	1
908589	1
749781	1
1043128	1
620129	1
909955	1
632532	1
590431	1
783511	1
67818	1
187708	1
15119	1
805982	1
2962981	1
2821279	1
181072	1
819612	1
4431576	1
196190	1
278206	1
2170784	1
2170787	1
2170788	1
2170789	1
256709	1
108136	1
945267	1
95745	1
762708	1
4364961	1
1650785	1
2588687	1
4399104	1
2768608	1
4013531	1
868999	1
850758	1
631721	1
694592	1
806395	1
618574	1
619721	1
760339	1
649848	1
553892	1
638503	1
617691	1
782745	1
655189	1
729812	1
567466	1
534343	1
537951	1
792891	1
767616	1
634968	1
626454	1
804485	1
726489	1
4319827	1
4465283	1
4473184	1
4445335	1
4316891	1
358802	1
226565	1
222314	1
219866	1
683860	1
674784	1
55673	1
67822	1
668854	1
770745	1
635155	1
702344	1
686138	1
622469	1
714134	1
723322	1
550377	1
552646	1
557094	1
912935	1
648014	1
4313865	1
1111941	1
4482839	1
277418	1
4294579	1
4451547	1
4372857	1
4302301	1
815078	1
4424414	1
1142986	1
259985	1
277571	1
267504	1
4376887	1
221077	1
2219324	1
4406481	1
4376888	1
200840	1
200741	1
1138320	1
7119	1
254523	1
243909	1
350659	1
1132147	1
125642	1
4416538	1
236153	1
4469250	1
578890	1
361337	1
963712	1
4303249	1
137666	1
4319099	1
4319100	1
4319097	1
4319098	1
4443052	1
4339506	1
4298625	1
4298620	1
1119427	1
154948	1
796830	1
742167	1
138159	1
77549	1
133408	1
564367	1
659658	1
218506	1
367749	1
547447	1
3517878	1
4423241	1
835035	1
969250	1
1064244	1
788813	1
742761	1
709907	1
732526	1
495222	1
495236	1
495330	1
495672	1
495681	1
1057345	1
535878	1
936008	1
911263	1
860842	1
1011281	1
995264	1
932405	1
723846	1
978731	1
750761	1
996322	1
619796	1
1036965	1
791297	1
854785	1
772977	1
1102471	1
694458	1
1070766	1
775262	1
953618	1
708817	1
493250	1
4485827	1
578997	1
883648	1
746685	1
4443054	1
4443056	1
4338515	1
4349569	1
4339019	1
4319407	1
4405666	1
4112214	1
369322	1
679370	1
4431398	1
1050265	1
893616	1
1050363	1
876606	1
1058304	1
894862	1
610572	1
727617	1
624894	1
937380	1
1020993	1
993992	1
953837	1
1042781	1
911223	1
667965	1
871568	1
720321	1
957113	1
697314	1
969940	1
710618	1
879009	1
635440	1
1099904	1
878375	1
748156	1
825031	1
772956	1
883357	1
888583	1
664497	1
4359133	1
795452	1
678218	1
702479	1
1147027	1
1148081	1
1146896	1
1147384	1
1147842	1
1147796	1
1148161	1
660310	1
973587	1
1077029	1
928877	1
963246	1
1059198	1
988276	1
614447	1
903812	1
634004	1
4297960	1
3675555	1
4794	1
895733	1
1074248	1
2904798	1
568031	1
583678	1
587838	1
579704	1
633341	1
258801	1
747777	1
788170	1
726964	1
271859	1
265975	1
640352	1
591695	1
578153	1
149476	1
571075	1
131002	1
79045	1
134400	1
808850	1
1147632	1
1147967	1
1147326	1
1147250	1
1147557	1
1148272	1
1146494	1
1148189	1
1147222	1
1146699	1
1146356	1
1148226	1
1147058	1
1146734	1
1146692	1
345010	1
224645	1
566049	1
585022	1
582802	1
589187	1
577235	1
896405	1
887320	1
923995	1
1030605	1
1085543	1
854470	1
628123	1
862525	1
652952	1
917467	1
700348	1
252480	1
244048	1
1123730	1
132023	1
580815	1
4791	1
774113	1
815134	1
186356	1
1146360	1
4345003	1
795715	1
943135	1
1061482	1
1064766	1
853135	1
1082202	1
889386	1
1008834	1
891917	1
1014639	1
934524	1
1057288	1
1021342	1
936027	1
968413	1
974765	1
1046341	1
1093211	1
958228	1
1017748	1
975817	1
1005699	1
868080	1
982328	1
882392	1
878333	1
1084514	1
971769	1
699007	1
139806	1
140672	1
139935	1
139965	1
140263	1
864005	1
1084641	1
421277	1
403731	1
451610	1
403407	1
591699	1
962583	1
4319095	1
4319096	1
4443051	1
4298626	1
670087	1
647580	1
799813	1
694377	1
260640	1
37847	1
1105518	1
138061	1
131580	1
132069	1
1106783	1
305193	1
1111242	1
556859	1
807233	1
517633	1
4793	1
571054	1
768084	1
3242923	1
243502	1
3129673	1
836559	1
4212336	1
816866	1
708923	1
1025056	1
112286	1
1082922	1
967669	1
1070490	1
929914	1
1018113	1
872245	1
1103862	1
934131	1
1004084	1
903718	1
914038	1
959449	1
1099806	1
1103421	1
898246	1
1075415	1
993945	1
677215	1
376073	1
934025	1
1051591	1
996815	1
990177	1
896214	1
935150	1
878018	1
1078691	1
999133	1
893166	1
876739	1
1043763	1
940013	1
939110	1
908374	1
1057168	1
1080268	1
865092	1
1016678	1
1033773	1
749252	1
1089520	1
724165	1
1037589	1
605798	1
853751	1
771754	1
1076683	1
716146	1
1045366	1
619539	1
1094411	1
798972	1
877584	1
794476	1
1021002	1
652953	1
925996	1
644239	1
928716	1
796491	1
1044365	1
667209	1
711644	1
788984	1
743826	1
694940	1
641734	1
657059	1
665568	1
718638	1
780692	1
777841	1
674247	1
769796	1
691708	1
646427	1
713729	1
638780	1
664403	1
650869	1
616182	1
765645	1
742573	1
691255	1
397218	1
393276	1
441146	1
423246	1
415788	1
462481	1
377160	1
427675	1
465007	1
1046761	1
1081886	1
860177	1
688418	1
401195	1
867669	1
141027	1
77836	1
284372	1
488094	1
4304860	1
609436	1
1147333	1
1147189	1
101275	1
148324	0
874754	0
945455	0
1085372	0
4385309	0
1129371	0
3158739	0
3816263	0
148143	0
189834	0
4384888	0
854941	0
841602	0
218627	0
4423515	0
1043103	0
626456	0
573610	0
4385313	0
1023508	0
4408313	0
3444629	0
951916	0
925101	0
755580	0
74259	0
111972	0
1140915	0
152004	0
1029117	0
770309	0
856076	0
4027525	0
863013	0
1025746	0
1137308	0
4347502	0
143251	0
938679	0
264060	0
217383	0
134459	0
4385311	0
4385310	0
359888	0
1019227	0
872585	0
1050144	0
1073235	0
984754	0
1020593	0
939408	0
863731	0
1091309	0
886947	0
864051	0
868428	0
879109	0
865567	0
977505	0
865908	0
749276	0
750925	0
722012	0
612524	0
775059	0
649685	0
802099	0
683664	0
650114	0
708619	0
922121	0
944912	0
1092625	0
684535	0
885883	0
872648	0
920643	0
1021178	0
992799	0
1088009	0
1039126	0
1030214	0
1079035	0
929609	0
747065	0
676570	0
856531	0
853180	0
1005208	0
910148	0
871319	0
881603	0
858806	0
1043741	0
1023239	0
853873	0
910607	0
924850	0
865937	0
898560	0
924944	0
931144	0
1070869	0
936467	0
855018	0
977229	0
939879	0
935377	0
985674	0
854180	0
875768	0
1100120	0
775292	0
720853	0
725195	0
710677	0
707782	0
793338	0
395632	0
978813	0
1047377	0
893418	0
994368	0
969015	0
1102839	0
966662	0
1067953	0
872919	0
1003557	0
908247	0
1039318	0
971149	0
1046200	0
1036994	0
1095527	0
855857	0
887606	0
975580	0
859651	0
882163	0
876455	0
1049494	0
858461	0
906810	0
943203	0
1035876	0
1017033	0
1001565	0
1071962	0
908579	0
961686	0
1069825	0
1036705	0
991918	0
1004402	0
1019749	0
668643	0
694016	0
786589	0
669788	0
986839	0
1016210	0
1009050	0
1038668	0
985138	0
1028852	0
915332	0
905757	0
900893	0
854360	0
856796	0
1095687	0
905689	0
1095552	0
1039949	0
966049	0
1010972	0
865781	0
881998	0
1077624	0
865130	0
931604	0
1049608	0
1057144	0
853023	0
993337	0
996591	0
963859	0
962995	0
996240	0
1003535	0
990120	0
1019431	0
894452	0
952502	0
880215	0
1101848	0
982348	0
854167	0
982114	0
942057	0
958555	0
1079327	0
952808	0
1038897	0
983466	0
863915	0
1077452	0
1047990	0
1003016	0
998210	0
1099247	0
1069305	0
971825	0
904374	0
887604	0
899299	0
861667	0
965772	0
861232	0
984972	0
1070823	0
1093963	0
867881	0
1063182	0
885392	0
912461	0
984825	0
888608	0
852181	0
1021981	0
1077515	0
892599	0
1045626	0
1075560	0
1081335	0
963126	0
658073	0
1022853	0
736960	0
1096532	0
712505	0
1008719	0
740679	0
978551	0
925362	0
1073084	0
865860	0
979907	0
900099	0
1104285	0
683048	0
698840	0
783044	0
1028149	0
915169	0
640868	0
1078364	0
621698	0
893666	0
1028981	0
1050873	0
888814	0
935948	0
949680	0
1092215	0
860660	0
694318	0
902177	0
659913	0
978335	0
637054	0
861209	0
712261	0
1027594	0
731040	0
1033272	0
720408	0
1075689	0
710751	0
1019767	0
664049	0
925632	0
793897	0
908098	0
680032	0
891682	0
738862	0
1016706	0
737428	0
871588	0
735078	0
998813	0
628879	0
903753	0
741108	0
1033151	0
775946	0
1014506	0
664185	0
964561	0
799931	0
871020	0
608379	0
887034	0
776228	0
1086141	0
755589	0
1031359	0
732600	0
879603	0
618009	0
973636	0
772971	0
990324	0
753461	0
880444	0
713643	0
882980	0
694955	0
1007122	0
640834	0
1028872	0
684380	0
887132	0
753644	0
993697	0
735001	0
1012405	0
702828	0
1011915	0
1085928	0
694049	0
611587	0
428197	0
923862	0
741180	0
1046995	0
782535	0
868663	0
609265	0
972529	0
739394	0
1020020	0
684555	0
1035806	0
716554	0
920533	0
634175	0
918300	0
656832	0
1078404	0
706057	0
962858	0
662013	0
991302	0
702832	0
1060121	0
729388	0
880479	0
781553	0
909968	0
714140	0
945686	0
767910	0
1097507	0
716167	0
904941	0
735919	0
983540	0
684782	0
956994	0
763069	0
926456	0
753931	0
1002878	0
610740	0
857022	0
1096686	0
757352	0
615401	0
1085436	0
771758	0
1007876	0
793640	0
928922	0
690991	0
1059770	0
641699	0
985240	0
634946	0
917345	0
688652	0
1088259	0
714207	0
1091722	0
701950	0
952967	0
787511	0
963056	0
716017	0
912492	0
669057	0
1010844	0
663682	0
855569	0
696641	0
883945	0
658039	0
944657	0
753657	0
922885	0
754997	0
861414	0
637708	0
895019	0
754520	0
873094	0
743402	0
1071434	0
743388	0
900583	0
674205	0
873945	0
649827	0
1000388	0
659972	0
917169	0
767298	0
859376	0
606627	0
1097838	0
748436	0
930465	0
653509	0
1045727	0
802068	0
1032586	0
796466	0
1014107	0
798263	0
1035859	0
728037	0
961970	0
758670	0
1021251	0
677441	0
1075770	0
796482	0
1028568	0
778432	0
1035463	0
613327	0
1012599	0
679316	0
997529	0
714165	0
912193	0
653322	0
963834	0
783856	0
966227	0
703423	0
1103949	0
631485	0
874980	0
675403	0
1087948	0
631558	0
911638	0
731128	0
1008320	0
794780	0
1039994	0
703327	0
1008615	0
723721	0
993284	0
692047	0
1075599	0
779718	0
1080674	0
668989	0
395124	0
374204	0
403614	0
415333	0
460852	0
389590	0
446365	0
463823	0
373342	0
393390	0
424371	0
438562	0
432454	0
381849	0
454794	0
431386	0
428947	0
373687	0
431282	0
370543	0
437408	0
374526	0
421748	0
426574	0
459832	0
423695	0
432349	0
436261	0
431455	0
375792	0
419977	0
452824	0
443638	0
440523	0
454742	0
420121	0
377597	0
384959	0
499243	0
500021	0
984938	0
894600	0
1035259	0
1052531	0
976415	0
967188	0
984835	0
906892	0
996299	0
951976	0
860900	0
873010	0
1102261	0
970477	0
960322	0
921669	0
1039905	0
1072063	0
1038346	0
609416	0
1031988	0
711291	0
874944	0
798331	0
1057053	0
735159	0
899511	0
742250	0
1101243	0
762559	0
1049840	0
672505	0
855809	0
765658	0
1092156	0
747189	0
1073118	0
937522	0
1016994	0
993865	0
933899	0
1040926	0
897945	0
987651	0
1102590	0
952481	0
1058016	0
758595	0
1059196	0
404624	0
919649	0
897613	0
42695	0
1050844	0
4435466	0
4414778	0
588652	0
1012260	0
12464	0
967245	0
616430	0
898374	0
692153	0
4464026	0
4464028	0
1122625	0
239423	0
1715047	0
576509	0
262098	0
586900	0
564493	0
804739	0
820991	0
77387	0
3083363	0
2139082	0
2139084	0
1106188	0
1139623	0
1109206	0
2713013	0
577447	0
822849	0
761749	0
251802	0
157279	0
142130	0
144315	0
837367	0
834862	0
2636685	0
4321172	0
4451844	0
4364137	0
4418293	0
4456307	0
4436286	0
12468	0
876636	0
4294861	0
398784	0
4251756	0
609606	0
851895	0
3339673	0
1747876	0
851894	0
109993	0
1118894	0
111004	0
566031	0
110845	0
804676	0
145253	0
4338654	0
4307698	0
4462847	0
273835	0
522152	0
4222930	0
4350852	0
274481	0
4479648	0
850100	0
331825	0
12466	0
180294	0
142655	0
154144	0
155277	0
12467	0
23916	0
4370219	0
4340213	0
166097	0
4446374	0
4314315	0
144367	0
4352472	0
676852	0
4415747	0
430699	0
350663	0
2502625	0
855766	0
4442912	0
4395643	0
2523752	0
817695	0
78140	0
4302609	0
4318479	0
4323816	0
4418777	0
307330	0
165720	0
4350410	0
824257	0
1116458	0
268373	0
276551	0
262162	0
4338602	0
260431	0
2177323	0
574142	0
589588	0
397927	0
534882	0
3615450	0
4459743	0
774845	0
804282	0
4381197	0
225679	0
673649	0
575655	0
1107567	0
4330614	0
275008	0
4307409	0
581693	0
540642	0
1122735	0
237883	0
534974	0
771784	0
666428	0
240671	0
242478	0
656694	0
246093	0
4430002	0
568399	0
161621	0
822138	0
241076	0
1136922	0
574582	0
557706	0
558005	0
800283	0
536480	0
628598	0
785454	0
546661	0
632906	0
551019	0
567759	0
541725	0
547622	0
537612	0
556122	0
536117	0
728711	0
705679	0
782552	0
4385312	0
558556	0
552200	0
537706	0
559749	0
543578	0
576196	0
4416524	0
4410818	0
555822	0
151899	0
560649	0
2021046	0
281439	0
2021047	0
239800	0
186171	0
102977	0
550317	0
227122	0
3305867	0
4222927	0
3417673	0
2666618	0
270868	0
270240	0
262664	0
840801	0
1034971	0
157667	0
267872	0
266303	0
347892	0
250671	0
238835	0
145475	0
108626	0
236555	0
535491	0
253011	0
836767	0
72261	0
692289	0
1127101	0
314230	0
277834	0
1126525	0
110557	0
544968	0
99668	0
277897	0
369045	0
278679	0
824338	0
221772	0
824054	0
3647305	0
264450	0
218278	0
2903713	0
587643	0
712766	0
154593	0
2158032	0
1131480	0
112147	0
99732	0
807872	0
553568	0
606112	0
783329	0
1120885	0
1113037	0
788501	0
819518	0
277845	0
3614442	0
3115832	0
832830	0
611646	0
567099	0
323345	0
584731	0
632594	0
781182	0
1686386	0
3311391	0
1142271	0
135963	0
606950	0
409468	0
143582	0
569252	0
622787	0
589194	0
307709	0
1633900	0
972146	0
546949	0
221658	0
465806	0
2095185	0
1140059	0
72015	0
4369866	0
83602	0
4369876	0
4369865	0
4369867	0
4369875	0
287224	0
3533946	0
157482	0
158899	0
158938	0
4379436	0
4369864	0
275864	0
368331	0
366764	0
357946	0
363231	0
367463	0
368181	0
366260	0
360780	0
356986	0
369120	0
360073	0
358793	0
361910	0
363863	0
363422	0
360728	0
364235	0
370069	0
367009	0
361535	0
369424	0
360683	0
368242	0
365333	0
358911	0
364070	0
356749	0
218588	0
222859	0
223373	0
358851	0
656249	0
12465	0
4434108	0
2687397	0
4384494	0
4346498	0
259775	0
260190	0
4316651	0
4404970	0
3845124	0
3344567	0
4432986	0
3392829	0
107415	0
4474637	0
4331132	0
333717	0
4468150	0
805934	0
765090	0
4362148	0
68736	0
711378	0
809473	0
4429902	0
4429898	0
4404515	0
4352456	0
285804	0
284347	0
285948	0
282966	0
172356	0
4397571	0
280371	0
280270	0
283049	0
279770	0
2011737	0
772807	0
980513	0
4330252	0
810220	0
3803993	0
4394267	0
280738	0
280052	0
836740	0
4316190	0
4356339	0
938138	0
923159	0
909299	0
1050083	0
926433	0
783220	0
1043511	0
1019346	0
1021495	0
1015752	0
920116	0
970340	0
1063819	0
1065545	0
860802	0
1058825	0
1053291	0
1059150	0
875097	0
1001081	0
1046643	0
903386	0
887616	0
1060465	0
876595	0
1100184	0
1046565	0
884826	0
1056306	0
984505	0
1050839	0
983954	0
1084537	0
926230	0
1056148	0
981365	0
775394	0
769056	0
783557	0
772866	0
659250	0
748684	0
650062	0
788796	0
686249	0
721426	0
413529	0
444634	0
398220	0
454915	0
1080667	0
1017139	0
870805	0
1069649	0
871628	0
867769	0
1092272	0
855162	0
1095159	0
891921	0
1023242	0
1036018	0
1077644	0
658562	0
737416	0
770727	0
752527	0
680700	0
990305	0
1070540	0
1013686	0
992827	0
951946	0
925503	0
955567	0
1092402	0
990311	0
879266	0
961029	0
1034451	0
881855	0
920479	0
1046977	0
858270	0
899658	0
970776	0
877867	0
972503	0
1026014	0
1103725	0
967899	0
923781	0
1002751	0
885269	0
906436	0
1041607	0
1000600	0
1003027	0
866806	0
910748	0
959580	0
1050657	0
1020506	0
1011901	0
951859	0
1021394	0
935836	0
932642	0
1019114	0
910031	0
915431	0
1036144	0
937106	0
979548	0
1069519	0
1063348	0
990078	0
902734	0
1036276	0
1042718	0
1068680	0
875377	0
993093	0
915552	0
932000	0
1043617	0
1104113	0
1050056	0
957066	0
968903	0
959551	0
955897	0
873264	0
906990	0
857828	0
1083528	0
926465	0
929212	0
1057497	0
856229	0
757456	0
691373	0
732935	0
675549	0
646651	0
719863	0
624523	0
709177	0
788881	0
684866	0
764328	0
792947	0
627142	0
708684	0
608741	0
705513	0
717849	0
770099	0
692441	0
741478	0
648507	0
1044754	0
1039020	0
873474	0
852385	0
1025195	0
914220	0
874350	0
922647	0
1087778	0
916624	0
1092528	0
962720	0
993036	0
977350	0
1055254	0
1023401	0
1048485	0
877625	0
1082602	0
1092312	0
913854	0
989851	0
1010520	0
1104203	0
868362	0
951853	0
1014617	0
916002	0
927864	0
995396	0
861768	0
606011	0
873807	0
1024732	0
1087535	0
1068314	0
1036836	0
1067066	0
930879	0
954561	0
1059511	0
1036906	0
938284	0
1038576	0
854980	0
1048303	0
929497	0
964526	0
991537	0
920942	0
959362	0
901594	0
1101399	0
1010930	0
1056076	0
866777	0
1034113	0
922631	0
800419	0
643619	0
682663	0
455855	0
936285	0
1067522	0
888625	0
874398	0
909664	0
1023784	0
1055532	0
874029	0
960985	0
895309	0
906913	0
1053877	0
1099449	0
909949	0
965778	0
1045976	0
1050184	0
897343	0
958048	0
1018332	0
1033067	0
955157	0
902608	0
1082267	0
973187	0
996849	0
1055091	0
893584	0
1101706	0
964708	0
1076474	0
1098697	0
885812	0
1094847	0
887012	0
907119	0
951186	0
874321	0
1024552	0
918137	0
980606	0
981848	0
1074782	0
970163	0
1037961	0
1059088	0
883448	0
1102703	0
856472	0
968185	0
993869	0
1087206	0
1091405	0
893920	0
988687	0
1069057	0
986011	0
973243	0
1023319	0
883082	0
1086517	0
857646	0
1027560	0
958080	0
1072872	0
1007463	0
969597	0
1050208	0
911476	0
958785	0
1063660	0
916076	0
908461	0
902487	0
977604	0
1036042	0
905656	0
864183	0
870294	0
861565	0
925701	0
910809	0
986380	0
887150	0
929069	0
918866	0
1045381	0
968446	0
870052	0
950363	0
1026088	0
1061469	0
867317	0
980968	0
1051987	0
1088419	0
1036354	0
1033915	0
1032835	0
907732	0
871181	0
877095	0
964106	0
911441	0
858585	0
947026	0
1041538	0
898098	0
1006381	0
1091258	0
1066515	0
978613	0
1037065	0
1045467	0
1073716	0
957892	0
974179	0
1097730	0
1049813	0
934729	0
1017335	0
661652	0
1097949	0
1078828	0
946557	0
795235	0
894478	0
854431	0
977078	0
911461	0
1044156	0
1062779	0
1002162	0
1041695	0
1072940	0
986017	0
1044102	0
1032578	0
435041	0
373170	0
927822	0
888651	0
942775	0
995315	0
949698	0
1103556	0
958162	0
912850	0
1066988	0
1017257	0
1035516	0
1001582	0
1085698	0
683294	0
1006227	0
1060482	0
893530	0
856002	0
1010833	0
932930	0
1043524	0
858204	0
971251	0
866308	0
986647	0
1064219	0
1088485	0
1029820	0
931624	0
895870	0
909039	0
884899	0
961448	0
949116	0
1079591	0
953157	0
1069386	0
1065853	0
974498	0
969369	0
1056064	0
984034	0
910319	0
938724	0
1091157	0
959161	0
896266	0
1041946	0
979689	0
883464	0
1064297	0
634846	0
1033425	0
969189	0
1001507	0
940649	0
1102329	0
949066	0
881683	0
665510	0
1059310	0
629494	0
983569	0
679003	0
901294	0
632457	0
1026154	0
937822	0
956662	0
944800	0
854722	0
1018728	0
917137	0
890661	0
1087450	0
997548	0
925501	0
891247	0
693681	0
973844	0
756965	0
1051831	0
605529	0
985350	0
745235	0
857505	0
791978	0
1033270	0
645885	0
1032456	0
759689	0
1039731	0
705077	0
1007106	0
769633	0
918403	0
680861	0
1099945	0
707193	0
975144	0
738387	0
883277	0
743177	0
1076991	0
783636	0
881903	0
912175	0
854322	0
1010367	0
973490	0
1094123	0
710671	0
1037104	0
765668	0
869962	0
658600	0
1034046	0
660782	0
1048932	0
689335	0
1041887	0
740073	0
987382	0
645020	0
1080362	0
660222	0
1014278	0
779925	0
937037	0
694483	0
925391	0
772862	0
1089605	0
785986	0
912444	0
709264	0
936673	0
669563	0
913554	0
788998	0
858036	0
770605	0
987390	0
720250	0
1030588	0
713613	0
947824	0
743612	0
894950	0
793342	0
1020884	0
785537	0
1095977	0
763915	0
898885	0
620181	0
1075897	0
776104	0
973329	0
753146	0
906257	0
754558	0
868657	0
755058	0
944883	0
775155	0
869683	0
632668	0
982620	0
621295	0
941929	0
797805	0
1009331	0
663854	0
864637	0
771983	0
1001775	0
784363	0
1071553	0
707003	0
1074265	0
1000862	0
777170	0
1012320	0
760345	0
926432	0
705093	0
979814	0
782224	0
988766	0
653490	0
988128	0
718777	0
952965	0
712293	0
855813	0
722113	0
886202	0
787745	0
856685	0
667384	0
949301	0
642890	0
1057688	0
613033	0
867889	0
662203	0
891869	0
758674	0
871158	0
711100	0
958894	0
659850	0
1015563	0
613442	0
1016235	0
759235	0
1013292	0
723800	0
1003219	0
722875	0
1013192	0
610252	0
981640	0
791033	0
899982	0
711359	0
1031324	0
609726	0
898725	0
663522	0
974037	0
791733	0
1036767	0
803202	0
899206	0
790588	0
885875	0
746909	0
1017286	0
792903	0
1033714	0
744729	0
941907	0
713364	0
1010017	0
612439	0
932948	0
714957	0
1056152	0
701244	0
998308	0
800776	0
905405	0
670107	0
953227	0
731651	0
1030996	0
627660	0
1080500	0
635482	0
861167	0
770304	0
1051304	0
663438	0
931597	0
688132	0
880605	0
758433	0
1001835	0
720684	0
910992	0
747351	0
859378	0
687906	0
961846	0
742721	0
1078681	0
768667	0
1102918	0
624564	0
1056260	0
640819	0
862635	0
653432	0
985816	0
626962	0
870447	0
713053	0
1094246	0
742984	0
876401	0
636795	0
902840	0
618588	0
868459	0
682811	0
1039299	0
705116	0
888825	0
744685	0
857868	0
743601	0
888642	0
749491	0
894820	0
630570	0
1070450	0
749745	0
995577	0
782263	0
1040116	0
787537	0
930508	0
689629	0
1007312	0
640384	0
869521	0
761287	0
1068399	0
620466	0
863626	0
780521	0
877377	0
749800	0
1050480	0
671584	0
1034876	0
786380	0
1061216	0
772843	0
1054942	0
645426	0
895690	0
729632	0
951475	0
706346	0
1021949	0
608035	0
1003109	0
752676	0
982016	0
627645	0
864284	0
626725	0
945386	0
784895	0
1069039	0
802979	0
1093411	0
799228	0
992321	0
782145	0
666960	0
642121	0
396554	0
426195	0
420974	0
434243	0
467622	0
417994	0
428490	0
409695	0
413977	0
411513	0
408904	0
385926	0
380376	0
463814	0
419687	0
460805	0
456466	0
432754	0
442312	0
452223	0
453762	0
371668	0
467219	0
404307	0
426514	0
421116	0
458245	0
424292	0
444944	0
436850	0
371112	0
373709	0
413697	0
371838	0
460296	0
437428	0
421157	0
400025	0
378302	0
396057	0
419207	0
402389	0
381144	0
459538	0
444055	0
395791	0
402229	0
433682	0
448261	0
461957	0
438324	0
392730	0
413179	0
446652	0
410393	0
431102	0
454274	0
437090	0
462989	0
371449	0
372873	0
396001	0
372217	0
440416	0
430874	0
409421	0
393277	0
435596	0
395103	0
454204	0
449418	0
405110	0
414024	0
447764	0
438182	0
373353	0
429367	0
380155	0
489198	0
493592	0
494345	0
499923	0
500163	0
502147	0
508286	0
1064038	0
874374	0
1085826	0
1091622	0
1096580	0
938314	0
900897	0
916082	0
975819	0
868950	0
1005932	0
927539	0
925311	0
1019607	0
868454	0
877998	0
1019015	0
1078865	0
943483	0
1099676	0
1040991	0
1033445	0
946767	0
909365	0
1018590	0
1058813	0
661961	0
901100	0
1039316	0
649988	0
886268	0
987631	0
1013545	0
606132	0
918979	0
991686	0
621237	0
1038090	0
706829	0
919457	0
717037	0
1078396	0
442548	0
448598	0
381025	0
411894	0
433665	0
425883	0
940110	0
1019323	0
921917	0
937393	0
1091520	0
1057998	0
1045815	0
1073451	0
649169	0
954803	0
902953	0
1086089	0
1061502	0
653615	0
902290	0
986434	0
909418	0
948023	0
800973	0
495758	0
100937	0
133694	0
699744	0
3082236	0
1122303	0
338075	0
711733	0
1119719	0
737252	0
251048	0
4455905	0
4455907	0
4455906	0
109619	1
37907	1
1133609	1
7150	1
4469048	1
4442311	1
624820	1
244849	1
99042	1
111206	1
4316657	1
1120166	1
62513	1
155049	1
514200	1
1871	0
232946	0
232258	0
179130	0
186413	0
255312	0
234451	0
243285	0
235381	0
158381	0
1136443	0
95638	0
96944	0
1868	0
95739	0
97295	0
1872	0
4470291	0
3868283	0
4462539	0
2340887	0
4472299	0
3087673	0
4432842	0
4474846	0
4335870	0
2797558	0
2115347	0
2865550	0
1676296	0
1539354	0
4374378	0
4403839	0
2052482	0
1679464	0
836940	0
4457226	0
2572323	0
4434222	0
2115351	0
1778877	0
1778876	0
1677927	0
3416166	0
2937514	0
4018264	0
4330578	0
4374375	0
4348603	0
1714712	0
2568012	0
1113673	0
4373602	0
348606	0
348719	0
3736723	0
4446055	0
464315	0
399125	0
390943	0
343077	0
324238	0
448347	0
410488	0
4374377	0
242219	0
232166	0
4459182	0
247221	0
254509	0
242449	0
236605	0
4018266	0
234732	0
235052	0
227802	0
231279	0
235186	0
235249	0
4457796	0
2052484	0
227840	0
227946	0
232402	0
230112	0
232579	0
232386	0
233452	0
232591	0
233579	0
233554	0
231315	0
232089	0
234165	0
228495	0
245566	0
231468	0
231800	0
232350	0
230468	0
231260	0
231087	0
234078	0
228843	0
232199	0
231732	0
234062	0
234198	0
228148	0
229083	0
229753	0
228092	0
4417545	0
231548	0
227613	0
234399	0
233296	0
229128	0
227634	0
233777	0
234726	0
4357522	0
228800	0
234245	0
231851	0
4331881	0
230643	0
232269	0
253544	0
230584	0
230851	0
1539347	0
4390751	0
244832	0
232007	0
229714	0
234882	0
234578	0
234149	0
233620	0
232510	0
228431	0
232656	0
231353	0
231294	0
227553	0
232219	0
231773	0
228304	0
233142	0
228819	0
227680	0
228596	0
228886	0
228213	0
228933	0
230281	0
232951	0
232081	0
233639	0
227582	0
234812	0
233317	0
229035	0
229438	0
232985	0
234940	0
230750	0
228031	0
228134	0
230820	0
233309	0
228605	0
228501	0
230781	0
169696	0
1869	0
1867	0
240742	0
230467	0
2937207	0
234324	0
4374042	0
25453	0
1123953	1
139155	1
2020022	1
4372107	1
4372104	1
4322926	1
163960	1
169008	1
573746	1
4363701	1
576371	1
550227	1
547723	1
128209	1
4474828	1
4436643	1
1134756	1
368565	1
13198	1
653087	1
567268	1
785730	1
4484411	1
50846	1
4328193	1
684933	1
1115498	1
4378318	1
710230	1
13085	1
133041	1
524880	1
520063	1
4376913	1
276601	1
26897	1
49725	1
163773	1
1142390	1
13047	1
692363	1
247538	1
42140	1
13197	1
1142071	1
550712	1
579201	1
582872	1
593582	1
574504	1
542008	1
538954	1
544470	1
250136	1
340034	1
4351455	1
4306535	1
4338880	1
318096	1
332709	1
4126878	1
4314833	1
1113416	1
4478914	1
4413065	1
268667	1
4396899	1
239676	1
270435	1
273454	1
236757	1
1010051	1
1145312	1
986967	1
513147	1
248816	1
109223	1
4374988	1
4484501	1
1144850	1
102011	1
728743	1
102461	1
102304	1
102163	1
19134	1
56684	1
17289	1
19445	1
39702	1
43711	1
47578	1
1117362	1
66022	1
1118090	1
1116370	1
1120844	1
40613	1
4359254	1
82195	1
110249	1
13643	1
156856	1
156619	1
156600	1
557156	1
156864	1
266035	1
66021	1
156802	1
162501	1
180151	1
13612	1
220410	1
63689	1
20876	1
546014	1
4039231	1
221111	1
82175	1
244807	1
4031104	1
4312606	1
4449660	1
100572	1
404867	1
99460	1
673579	1
424011	1
556428	1
168482	1
137406	1
4395331	1
729033	1
251869	1
3309001	1
4471436	1
100993	1
573866	1
747937	1
694076	1
544500	1
561074	1
104103	1
4312605	1
4306514	1
169152	1
167154	1
167738	1
167076	1
4306115	1
162360	1
754534	1
389615	1
356253	1
4378462	1
777250	1
567491	1
559070	1
549779	1
160745	1
566517	1
571756	1
107838	1
553260	1
4294786	1
4294785	1
4429397	1
581398	1
153267	1
3333609	1
2049796	1
140775	1
836353	1
142133	1
143154	1
296422	1
453005	1
4458444	1
2116461	1
583230	1
250063	1
681954	1
306557	1
343660	1
564187	1
30793	1
88447	1
1140332	1
1131723	1
1112532	1
1106271	1
10282	1
270617	1
262516	1
87936	1
87645	1
1111632	1
10293	1
87425	1
87486	1
271357	1
275554	1
258597	1
324222	1
220541	1
10264	1
10267	1
10266	1
87901	1
87269	1
86723	1
88052	1
86767	1
87802	1
87767	1
87965	1
87111	1
86945	1
86932	1
87333	1
10265	1
10257	1
10258	1
254222	1
593987	1
86576	1
87761	1
87583	1
87480	1
353428	1
682622	1
1142415	1
361155	1
365298	1
1612840	1
4295722	1
546164	1
2378512	1
3587576	1
151925	1
2055161	1
803044	1
2194466	1
4403522	1
1107311	1
2287395	1
712094	1
635704	1
767083	1
565102	1
538713	1
541463	1
559098	1
757818	1
758150	1
761134	1
747894	1
555361	1
542697	1
624607	1
553889	1
539368	1
576275	1
561415	1
739568	1
734104	1
553518	1
559196	1
713521	1
609246	1
667865	1
655025	1
552390	1
782118	1
574163	1
4374064	1
4374068	1
4403517	1
4374065	1
4374069	1
4388672	1
4469961	1
240817	1
4442711	1
4403523	1
4403524	1
4403519	1
4343903	1
4403520	1
4403521	1
4442712	1
4343904	1
4403518	1
4330259	1
1098668	1
790769	1
4457308	1
4457306	1
1148129	1
4342803	1
1147826	1
185578	1
626231	1
572436	1
1133474	1
110467	1
1148125	1
4418549	1
1147369	1
537141	1
4369665	1
4442710	1
4417620	1
243128	1
4295721	1
2363930	1
672937	1
4308678	1
4466425	1
589792	1
1120396	1
1115345	1
149439	1
833875	1
259097	1
721630	1
86619	1
1129831	1
253996	1
255755	1
87292	1
249030	1
226977	1
30163	1
225829	1
4485146	1
302106	1
29133	1
17261	1
222720	1
163538	1
172738	1
4324466	0
4380475	0
4319287	0
4446786	0
4320671	0
4337794	0
4296887	0
4410749	0
4321697	0
4417714	0
4299147	0
4311081	0
4372179	0
4481097	0
4430869	0
4337619	0
4349367	0
4418298	0
4368490	0
4334906	0
4392891	0
4364717	0
4296443	0
4298153	0
4297612	0
4298151	0
1068850	0
980467	0
4300147	0
4311586	0
4297838	0
4376055	0
4376051	0
4375127	0
4463184	0
984336	0
4317643	0
4303627	0
4307022	0
4294716	0
4303588	0
4410816	0
4372063	0
978149	0
1003422	0
4331335	0
4300118	0
1024958	0
4439785	0
4309267	0
4336380	0
4305406	0
4309261	0
4315178	0
4439788	0
4354696	0
4309322	0
4300907	0
4308825	0
4483556	0
4393683	0
4437059	0
4439566	0
4422975	0
1023477	0
4317782	0
4399013	0
1055786	0
663406	0
4387607	0
4336805	0
1079901	0
938614	0
1038508	0
4317340	0
4483525	0
4308819	0
4389239	0
4322623	0
4422529	0
4462747	0
4314318	0
4420367	0
4411338	0
4416168	0
892257	0
4309731	0
4314246	0
4382071	0
4454215	0
4307610	0
4445467	0
4301567	0
4358387	0
4422849	0
252229	0
655798	0
247333	0
534298	0
59468	0
623659	0
154895	0
58299	0
58301	0
33563	0
12496	0
103830	0
248584	0
50851	0
685081	0
238875	0
365549	0
4443403	0
1630243	0
2847390	0
2118892	0
1880488	0
1503439	0
4473831	0
971454	0
4308941	0
4441165	0
4394351	0
4315055	0
4356529	0
4349334	0
4317117	0
4479534	0
4308894	0
4297742	0
4448420	0
4298170	0
4297273	0
4302126	0
4440680	0
4303840	0
4473385	0
4314649	0
4320182	0
4439905	0
4445381	0
4481734	0
4315576	0
4439910	0
4432585	0
4319737	0
4452966	0
4443500	0
4397145	0
4397150	0
4467292	0
4306367	0
4305339	0
4375134	0
4455217	0
4319681	0
4447697	0
4454214	0
4306069	0
4332454	0
4450471	0
4390524	0
4451832	0
4309391	0
4461608	0
4392140	0
4370783	0
4302130	0
4302275	0
4323877	0
4352803	0
4468308	0
4323780	0
4299918	0
4310781	0
4314685	0
4297836	0
4477011	0
4294916	0
4325422	0
4321614	0
4304426	0
4467289	0
4311860	0
4341123	0
4473602	0
4316413	0
4337609	0
4316949	0
4443997	0
4314923	0
4372074	0
4295765	0
4302646	0
4320795	0
4448522	0
4321705	0
4321704	0
4310635	0
4300928	0
4314909	0
4454329	0
4385649	0
4475852	0
4321290	0
4303711	0
4349177	0
4477981	0
4366017	0
4296525	0
4306481	0
4316791	0
4306600	0
4477550	0
4429521	0
4450879	0
4303124	0
4411282	0
4318760	0
4408947	0
4425946	0
4463664	0
4303175	0
4314156	0
4434951	0
4320187	0
4481742	0
4481740	0
4318669	0
4379033	0
4440357	0
4309320	0
4303634	0
4317346	0
4375068	0
4314165	0
4339841	0
4438634	0
4306366	0
4436689	0
4436690	0
4436681	0
4308923	0
4294800	0
4323879	0
4323875	0
4443496	0
4465580	0
4465576	0
4410711	0
4427587	0
4427589	0
4397147	0
4358122	0
4358127	0
4358126	0
4335727	0
4368489	0
4316956	0
4305940	0
4305942	0
4331940	0
4430189	0
4375136	0
4375135	0
4404584	0
4404586	0
4433685	0
4328239	0
4344942	0
4304876	0
4344947	0
4428082	0
4431151	0
4315431	0
4309201	0
4335686	0
4466046	0
4314245	0
4438851	0
4401673	0
4320141	0
4297299	0
4310496	0
4437500	0
4430594	0
4440655	0
4440656	0
4323033	0
4323028	0
4355801	0
4357669	0
4434620	0
4322138	0
4425970	0
4307359	0
4448607	0
4395528	0
4395529	0
4338231	0
4444110	0
4332280	0
4330270	0
4330268	0
4476656	0
4319809	0
4459789	0
4431439	0
4304065	0
4305028	0
4426567	0
4297728	0
4330266	0
4415721	0
4348439	0
4338510	0
4443495	0
4304044	0
4317357	0
4404582	0
4426563	0
4354893	0
4303068	0
4465150	0
4465409	0
4444341	0
4294445	0
4368830	0
4295988	0
4365683	0
4405818	0
4448515	0
4312654	0
4314981	0
4367214	0
4344568	0
4358129	0
4335897	0
4305941	0
4317362	0
4443904	0
4301843	0
4314324	0
4368871	0
4421798	0
4304174	0
4434605	0
4365685	0
4295961	0
4323091	0
4403402	0
4336384	0
4370145	0
4405396	0
4311054	0
4428901	0
4446989	0
4294713	0
4387062	0
4300349	0
4371697	0
4316958	0
4439790	0
4309266	0
4434928	0
4309449	0
4472895	0
4403374	0
4389191	0
4451430	0
4363783	0
4449258	0
4296427	0
4323872	0
4302469	0
4302121	0
4321594	0
4372729	0
4302475	0
4314657	0
4477328	0
4346134	0
4439302	0
4372051	0
4439303	0
4307613	0
3974042	0
1074291	0
1044183	0
895149	0
1073944	0
1031153	0
882162	0
952711	0
868641	0
1019942	0
1018402	0
1083401	0
1066750	0
1098268	0
1001060	0
987874	0
871165	0
918694	0
884963	0
987766	0
959364	0
892007	0
866746	0
1077646	0
897024	0
954514	0
961837	0
948091	0
1012809	0
1100959	0
921960	0
1057100	0
976076	0
865629	0
1025444	0
1015589	0
913019	0
949212	0
1062457	0
921894	0
981174	0
872424	0
877733	0
1093369	0
987577	0
996839	0
1103294	0
790977	0
801715	0
707780	0
769287	0
719186	0
611518	0
729608	0
612547	0
616909	0
762835	0
740251	0
708303	0
637774	0
794346	0
786555	0
797978	0
615893	0
615717	0
782407	0
615871	0
637681	0
728411	0
758673	0
416365	0
501878	0
1019742	0
868438	0
1051429	0
963186	0
1099463	0
886815	0
924416	0
1031596	0
1088422	0
1062411	0
1084354	0
978938	0
922216	0
935271	0
687697	0
1089714	0
898922	0
1079133	0
998118	0
994532	0
1039804	0
1011155	0
890740	0
1031063	0
904813	0
907238	0
934016	0
1022129	0
1015149	0
993712	0
988917	0
907379	0
1024712	0
888714	0
949000	0
946005	0
984969	0
1044606	0
865264	0
1100689	0
1062676	0
989377	0
929934	0
892710	0
648374	0
613799	0
790218	0
682703	0
749506	0
798738	0
769147	0
410087	0
379660	0
592553	0
1097529	0
910873	0
855399	0
969673	0
1094630	0
991833	0
884804	0
1091177	0
1086267	0
920598	0
1065731	0
951635	0
945273	0
952060	0
1036279	0
1061535	0
932001	0
1101957	0
891838	0
986109	0
1025440	0
997921	0
1082794	0
1003988	0
1064539	0
939607	0
954345	0
960439	0
930810	0
1064307	0
1010688	0
1007002	0
1011805	0
1047889	0
854688	0
956007	0
886689	0
1087975	0
647319	0
664438	0
920312	0
1029984	0
1005178	0
948620	0
910976	0
959360	0
872277	0
864100	0
1054650	0
876240	0
989056	0
1064895	0
1047464	0
866006	0
980505	0
858601	0
731156	0
897479	0
1020161	0
1094838	0
936009	0
965740	0
666167	0
930790	0
997757	0
1031418	0
955145	0
977679	0
860967	0
872555	0
1088276	0
859493	0
866149	0
1079291	0
860936	0
1093313	0
872016	0
976465	0
1083114	0
957941	0
900833	0
977823	0
774489	0
727773	0
769922	0
627404	0
1022061	0
941369	0
1103602	0
1082133	0
934704	0
1011574	0
1015218	0
913410	0
953096	0
1064909	0
1040956	0
1089243	0
941938	0
1058190	0
888258	0
1049352	0
1000586	0
895179	0
951336	0
1090816	0
892526	0
863813	0
962428	0
1045638	0
1020141	0
997241	0
889701	0
900068	0
959118	0
920719	0
938708	0
1051632	0
991605	0
1076266	0
924783	0
1024416	0
1017617	0
878139	0
873001	0
1041471	0
999335	0
995332	0
925351	0
1014162	0
1054462	0
1015478	0
1003498	0
1047799	0
857928	0
999444	0
978183	0
923078	0
934863	0
932639	0
1041595	0
911450	0
863107	0
966725	0
856705	0
748908	0
1025666	0
628581	0
1084846	0
620908	0
874103	0
735473	0
1103632	0
760485	0
1080807	0
794026	0
921283	0
672530	0
1046710	0
1091202	0
655958	0
708536	0
955779	0
726667	0
1035791	0
671345	0
896178	0
778588	0
901752	0
682932	0
881472	0
611286	0
966963	0
669056	0
1080313	0
870518	0
1003103	0
759559	0
878004	0
711022	0
866230	0
676505	0
914412	0
657902	0
857520	0
773460	0
934730	0
727780	0
1032167	0
804261	0
1066909	0
682094	0
860337	0
669404	0
1052746	0
1025988	0
693845	0
924951	0
780244	0
891281	0
619612	0
925455	0
737636	0
1101529	0
765036	0
856852	0
607435	0
962767	0
634862	0
905444	0
782279	0
947469	0
717087	0
1056335	0
783658	0
988721	0
708531	0
994985	0
613180	0
1025197	0
707876	0
1058728	0
766961	0
1066962	0
705705	0
966879	0
684027	0
917102	0
675540	0
1046204	0
672359	0
944443	0
665094	0
971144	0
687273	0
857617	0
737293	0
917964	0
658130	0
993279	0
725352	0
993463	0
637881	0
1010509	0
799949	0
924727	0
629633	0
1044372	0
698639	0
961262	0
793844	0
906194	0
737913	0
893843	0
798619	0
1030204	0
722529	0
1051852	0
736247	0
876439	0
1076482	0
1097782	0
1080133	0
1082909	0
1092367	0
854400	0
939294	0
754245	0
982015	0
703944	0
1058567	0
790592	0
1050099	0
683579	0
988735	0
705248	0
872610	0
743425	0
1060433	0
742083	0
874233	0
776923	0
950155	0
781611	0
942170	0
627074	0
1040545	0
679061	0
871264	0
633653	0
895166	0
732393	0
992595	0
745483	0
962111	0
763930	0
1100749	0
693365	0
936827	0
728594	0
993766	0
654894	0
1033897	0
673025	0
903090	0
804244	0
945622	0
760490	0
897191	0
768494	0
984138	0
1017974	0
674429	0
871828	0
722234	0
988388	0
796999	0
991023	0
684893	0
1005288	0
713189	0
1076628	0
648993	0
918420	0
633959	0
913120	0
606978	0
1036319	0
683681	0
989395	0
792470	0
1076664	0
734541	0
1027137	0
737818	0
933597	0
630148	0
938709	0
727175	0
968862	0
748900	0
1079425	0
757511	0
1033119	0
638945	0
985319	0
649860	0
937957	0
737186	0
896119	0
646232	0
1031317	0
773927	0
1027258	0
797274	0
949074	0
622968	0
910807	0
735855	0
983881	0
720132	0
643416	0
446255	0
372519	0
447054	0
407409	0
392965	0
388223	0
400420	0
433064	0
404770	0
405107	0
449489	0
404846	0
391252	0
498652	0
499027	0
508238	0
970872	0
1099889	0
942165	0
926374	0
963408	0
945872	0
967034	0
914110	0
967117	0
1025271	0
1022906	0
1066302	0
1019457	0
1051395	0
1101023	0
917957	0
1080764	0
886057	0
1009516	0
1020828	0
865639	0
861037	0
1024331	0
1091057	0
907755	0
996888	0
933651	0
921199	0
613729	0
681328	0
768883	0
704217	0
684713	0
706645	0
757565	0
917743	0
1047998	0
948237	0
928445	0
888584	0
1098508	0
874860	0
937293	0
970900	0
879638	0
1072113	0
941166	0
1074965	0
1019504	0
1034214	0
1101920	0
1009909	0
608392	0
877971	0
876279	0
943821	0
1055833	0
961998	0
937312	0
944931	0
932161	0
1102740	0
925030	0
1082113	0
903137	0
935925	0
900735	0
954159	0
933141	0
898432	0
1072339	0
861821	0
928452	0
927587	0
951681	0
1072995	0
885228	0
1056503	0
925802	0
1093248	0
997443	0
1044289	0
969675	0
915973	0
1028351	0
948726	0
739737	0
983688	0
767614	0
963134	0
627042	0
995441	0
628579	0
1017147	0
640110	0
1019912	0
699410	0
861967	0
697113	0
878979	0
623133	0
1003331	0
673547	0
1047601	0
616451	0
1015522	0
691199	0
955270	0
612199	0
1078816	0
647563	0
901579	0
858822	0
923130	0
704138	0
1010499	0
776761	0
975514	0
666042	0
934389	0
731958	0
1039487	0
866143	0
1009171	0
1014777	0
4446920	0
988980	0
891246	0
4485087	0
4317645	0
4371538	0
4297705	0
913956	0
990502	0
981656	0
1071313	0
780461	0
701960	0
501828	0
501853	0
852657	0
924152	0
929158	0
1038377	0
885839	0
1008324	0
1070830	0
961192	0
896685	0
1077777	0
1016439	0
1096752	0
1006119	0
882129	0
645688	0
802239	0
1051349	0
932726	0
1044345	0
898260	0
925992	0
945129	0
1034035	0
924769	0
874724	0
948212	0
894454	0
918122	0
866272	0
877457	0
929779	0
927742	0
1067135	0
975877	0
938065	0
915282	0
1087849	0
1000074	0
881430	0
976408	0
967703	0
1053758	0
859290	0
1052118	0
917330	0
957473	0
1025974	0
1028424	0
1081938	0
997363	0
940701	0
1103780	0
979698	0
976469	0
1064866	0
985861	0
754108	0
1060166	0
757481	0
1017718	0
612447	0
857498	0
605786	0
1072314	0
721869	0
920893	0
656799	0
973260	0
690361	0
868431	0
707968	0
375284	0
433996	0
501691	0
1022342	0
900229	0
995073	0
1056195	0
894146	0
1036856	0
915263	0
919985	0
1011003	0
1005361	0
923614	0
1042983	0
930316	0
887831	0
970754	0
1087895	0
880391	0
890653	0
875592	0
872344	0
899905	0
957829	0
932589	0
943826	0
902814	0
868673	0
1095347	0
1072118	0
871034	0
962880	0
615188	0
4314814	0
4320126	0
4303571	0
4323784	0
4295165	0
4332789	0
4476609	0
4378733	0
4396237	0
4306182	0
4426981	0
4319433	0
4412887	0
4320081	0
4317820	0
4353820	0
4409601	0
862374	0
4315006	0
4320076	0
4321376	0
4432966	0
1018544	0
4318763	0
4406299	0
4461366	0
1071620	0
788927	0
951714	0
4323095	0
4323389	0
4359813	0
4364935	0
4410905	0
952003	0
1010474	0
4426161	0
4466006	0
4380846	0
4469513	0
4469512	0
4470803	0
4454358	0
1098140	0
4328347	0
4310939	0
1063675	0
4463667	0
4435069	0
4322011	0
4438389	0
4311939	0
4453410	0
4338182	0
944426	0
643422	0
610721	0
4400185	0
4463190	0
610731	0
109858	0
105840	0
58293	0
58300	0
58302	0
58305	0
1125188	0
12495	0
107536	0
647801	0
4355473	0
2375129	0
250490	0
217627	0
218657	0
1534468	0
4052617	0
4413309	0
4391105	0
4331342	0
4442683	0
4305149	0
4296636	0
4453205	0
4304826	0
4447157	0
4450392	0
4356534	0
4317119	0
4434950	0
4304493	0
4304496	0
4316472	0
4316475	0
4443717	0
4300463	0
4402599	0
4455661	0
4449602	0
4321068	0
4357994	0
4473328	0
4305891	0
4350105	0
4354006	0
4310466	0
4310460	0
4321473	0
4443714	0
4294567	0
4294564	0
4404455	0
4404450	0
4317304	0
4447158	0
4447155	0
4305825	0
4372110	0
4440824	0
4303446	0
4320504	0
4395532	0
4295076	0
4299115	0
4312293	0
4298443	0
4346958	0
4471679	0
4309305	0
4479274	0
4312931	0
4446254	0
4295163	0
4318027	0
4313485	0
4358777	0
4405249	0
4470634	0
4430756	0
4387700	0
4374512	0
4312694	0
4398722	0
4429566	0
4332383	0
4299133	0
4295010	0
4345628	0
4298446	0
4442494	0
4366186	0
4453816	0
4421948	0
4387366	0
4307009	0
4473551	0
4317655	0
4438986	0
4407884	0
4309941	0
4381562	0
4403289	0
4321867	0
4350416	0
4420796	0
4450407	0
4451701	0
4338822	0
4311111	0
4369054	0
4297364	0
4346957	0
4461872	0
4471360	0
4356013	0
4317147	0
4394357	0
4440821	0
4420055	0
4465059	0
4449676	0
4449671	0
4411064	0
4350825	0
4301827	0
4294909	0
4386624	0
4449652	0
4407771	0
4414102	0
4306271	0
4471680	0
4441094	0
4401537	0
4436990	0
4352940	0
4377438	0
4451263	0
4411415	0
4314971	0
4308505	0
4341143	0
4341144	0
4411835	0
4391663	0
4312911	0
4322740	0
4328708	0
4372736	0
4478938	0
4321567	0
4464312	0
4416198	0
4357697	0
4364285	0
4464265	0
4387438	0
4301978	0
4296891	0
4323676	0
4296420	0
4318759	0
4302271	0
4376969	0
4309562	0
4309563	0
4420582	0
4420576	0
4351176	0
4391106	0
4467161	0
4480158	0
4319233	0
4478066	0
4302775	0
4427479	0
4377404	0
4446921	0
4326438	0
4319714	0
4303608	0
4303615	0
4303612	0
4477322	0
4468599	0
4468596	0
4431425	0
4431428	0
4431429	0
4387058	0
4304165	0
4298988	0
4317341	0
4443820	0
4331337	0
4307615	0
4330213	0
4428247	0
4392749	0
4369109	0
4443501	0
4443900	0
4320546	0
4297613	0
4344945	0
4315436	0
4315432	0
4470749	0
4304067	0
4439058	0
4483528	0
4471470	0
4316272	0
4310563	0
4297820	0
516060	0
4312235	0
4300328	0
4300334	0
4435214	0
4435212	0
4449947	0
4366620	0
4482883	0
4442681	0
4442685	0
4318976	0
4318975	0
4401691	0
4323085	0
4323079	0
4393110	0
4311574	0
4323923	0
4405250	0
4317987	0
4306568	0
4386826	0
4422452	0
4321702	0
4387579	0
4390282	0
4390279	0
4317327	0
4363182	0
4399972	0
4313456	0
4436646	0
4463669	0
4347333	0
4309559	0
4297571	0
4297573	0
4415645	0
4344855	0
4387047	0
4321369	0
4392751	0
4428087	0
4431152	0
4311509	0
4378342	0
4421269	0
4339532	0
4339331	0
4324809	0
4374127	0
4375325	0
4482922	0
4394881	0
4320799	0
4296188	0
4296189	0
4296183	0
4319450	0
4319449	0
4436049	0
4473737	0
4424093	0
4376580	0
4322960	0
4298815	0
4426883	0
4347065	0
4410192	0
4330949	0
4421820	0
4314904	0
4299143	0
4372178	0
4461835	0
4472938	0
4454332	0
4353598	0
4316839	0
4438272	0
4347863	0
4314153	0
4415636	0
4313708	0
4459515	0
4467163	0
4303183	0
4321374	0
4438388	0
4303628	0
4317784	0
4376254	0
4294591	0
4297610	0
4415728	0
4468310	0
4432397	0
4439586	0
4316032	0
4304588	0
4363351	0
4299945	0
4330272	0
4381163	0
4411914	0
4411912	0
4301248	0
4362844	0
4460185	0
4422812	0
4342604	0
4299192	0
4468225	0
4478782	0
4469677	0
4303769	0
4427420	0
4376906	0
4396998	0
4305109	0
4299228	0
4306718	0
4443716	0
4294562	0
4306308	0
4306317	0
4399505	0
4295027	0
4299478	0
4457363	0
4328216	0
4320199	0
4299148	0
4301748	0
4332918	0
4428554	0
4307794	0
4297574	0
4415639	0
4401666	0
4388307	0
4354848	0
4304877	0
4306802	0
4296259	0
4398389	0
4425344	0
4435254	0
4456255	0
4455141	0
4391617	0
4421973	0
4359659	0
4317458	0
4303269	0
4311123	0
4392540	0
4299379	0
4458439	0
4447591	0
4443572	0
4430867	0
4404535	0
4331318	0
4383616	0
4461838	0
4301747	0
4368995	0
4449365	0
4416683	0
4437243	0
4307050	0
4344851	0
4462105	0
4424383	0
4391108	0
4432392	0
4299554	0
4431857	0
4310497	0
4299030	0
4460090	0
4317242	0
4307375	0
4440508	0
4440909	0
4440906	0
4447986	0
4309641	0
4467693	0
4430583	0
4321603	0
4448924	0
4448922	0
4333570	0
4311932	0
4311928	0
4299989	0
4299987	0
4424389	0
4299984	0
4299985	0
4437250	0
4469381	0
4311578	0
4461784	0
4460693	0
4335207	0
4414046	0
4322153	0
4363935	0
4460350	0
4421524	0
4335158	0
4340708	0
4441961	0
4353858	0
4311789	0
4446255	0
4306971	0
4306345	0
4461006	0
4362393	0
4331860	0
4387132	0
4410266	0
4470636	0
4419950	0
4300826	0
4300825	0
4429565	0
4304746	0
4359811	0
4375453	0
4322171	0
4334204	0
4377567	0
4349341	0
4442495	0
4401908	0
4346404	0
4302819	0
4302822	0
4310068	0
4310069	0
4298072	0
4298076	0
4298077	0
4476368	0
4364479	0
4404998	0
4385890	0
4301229	0
4313105	0
4342554	0
4314840	0
4302996	0
4406385	0
4356498	0
4296170	0
4409484	0
4457361	0
4342940	0
4307345	0
4346913	0
4462786	0
4364115	0
4441500	0
4367424	0
4313836	0
4315003	0
4427235	0
4349611	0
4349388	0
4483813	0
4302683	0
4334301	0
4463385	0
4425677	0
4301332	0
4341854	0
4419337	0
4329958	0
4294636	0
4448376	0
4345740	0
4327911	0
4297798	0
4341255	0
4296197	0
4375046	0
4467156	0
4455216	0
4447025	0
4309821	0
4438103	0
4445259	0
4297833	0
4376054	0
4405597	0
4407896	0
4340110	0
4304422	0
4304423	0
4304424	0
4304425	0
4316416	0
4310630	0
4422491	0
4390666	0
4303063	0
4305288	0
4474563	0
4395630	0
4429684	0
4299142	0
4311106	0
4311078	0
4371367	0
4481098	0
4468029	0
4434986	0
4321100	0
4298152	0
4332495	0
4395251	0
4450252	0
4320675	0
4294979	0
4310920	0
4321999	0
4332105	0
4328253	0
4332102	0
4452960	0
4331670	0
4311548	0
4404531	0
4311546	0
4334047	0
4390283	0
4390285	0
4374629	0
4390280	0
4350065	0
4350060	0
4403400	0
4317335	0
4317330	0
4317332	0
4317333	0
4317328	0
4306335	0
4294583	0
4294584	0
4443803	0
4322333	0
4404536	0
4404529	0
4404530	0
4404532	0
4404534	0
4375049	0
4375045	0
4331319	0
4308859	0
4344539	0
4332393	0
4344535	0
4305091	0
4383617	0
4336381	0
4424155	0
4424152	0
4461833	0
4301753	0
4301754	0
4301750	0
4313628	0
4313621	0
4313620	0
4313627	0
4299847	0
4299850	0
4299852	0
4304183	0
4304172	0
4395296	0
4362451	0
4362452	0
4399971	0
4436272	0
4472940	0
4472939	0
4392734	0
4392736	0
4392735	0
4313457	0
4352937	0
4352941	0
4352942	0
4368997	0
4368996	0
4309015	0
4309014	0
4303199	0
4423658	0
4423656	0
4311403	0
4299440	0
4377434	0
4336356	0
4449363	0
4318827	0
4318825	0
4360417	0
4451393	0
4416687	0
4303258	0
4305311	0
4345759	0
4364085	0
4302168	0
4302173	0
4433363	0
4371500	0
4395343	0
4438533	0
4314976	0
4314968	0
4399318	0
4381087	0
4300742	0
4296961	0
4324946	0
4324947	0
4392583	0
4445730	0
4326789	0
4477697	0
4482126	0
4458844	0
4315279	0
4459068	0
4462762	0
4419726	0
4439829	0
4309742	0
4320753	0
4328691	0
4448861	0
4456197	0
4380255	0
4463565	0
4314123	0
4303069	0
4476170	0
4434876	0
4298310	0
4391052	0
4404127	0
4317171	0
4323506	0
4353577	0
4347862	0
4320712	0
4309709	0
4470479	0
4296884	0
4296890	0
4308385	0
4320538	0
4320536	0
4433266	0
4346708	0
4443118	0
4308280	0
4411286	0
4447836	0
4449203	0
4310032	0
4425947	0
4428758	0
4348678	0
4433642	0
4407774	0
4407772	0
4320503	0
4332255	0
4309557	0
4309555	0
4309556	0
4297572	0
4297576	0
4297575	0
4297579	0
4297578	0
4297577	0
4455147	0
4455148	0
4455143	0
4455144	0
4415644	0
4415641	0
4415640	0
4415643	0
4383919	0
4383913	0
4383914	0
4383911	0
4383912	0
4356275	0
4383915	0
4345741	0
4344854	0
4344853	0
4462104	0
4387738	0
4462106	0
4424390	0
4424385	0
4424388	0
4313699	0
4313700	0
4313707	0
4313703	0
4313704	0
4308405	0
4308411	0
4308407	0
4308408	0
4319322	0
4319318	0
4319317	0
4310373	0
4420581	0
4420577	0
4356872	0
4351172	0
4351173	0
4391113	0
4430092	0
4430097	0
4430098	0
4467157	0
4467158	0
4303181	0
4303178	0
4315074	0
4310372	0
4366549	0
4366080	0
4366076	0
4366078	0
4319235	0
4326829	0
4473378	0
4314651	0
4407095	0
4320186	0
4372231	0
4483641	0
4304144	0
4304145	0
4477326	0
4323090	0
4297343	0
4305061	0
4368959	0
4474474	0
4431442	0
4392293	0
4477353	0
4477354	0
4315595	0
4315589	0
4303631	0
4405811	0
4298996	0
4322014	0
4440756	0
4422533	0
4437021	0
4404553	0
4451569	0
4470808	0
4295752	0
4295753	0
4338184	0
4338185	0
4322911	0
4322908	0
4392754	0
4392753	0
4461383	0
4311419	0
4311415	0
4311414	0
4314166	0
4354120	0
4361779	0
4314980	0
4475336	0
4443903	0
4320552	0
4447828	0
4447835	0
4297618	0
4297615	0
4309591	0
4309595	0
4415731	0
4326779	0
4344946	0
4384007	0
4319673	0
4460688	0
4422973	0
4312239	0
4392086	0
4312237	0
4315179	0
4402127	0
4431147	0
4315430	0
4320078	0
4320077	0
4406911	0
4432399	0
4323782	0
4439587	0
4304070	0
4316039	0
4316034	0
4316033	0
4299920	0
4311858	0
4302467	0
4302470	0
4465149	0
4300203	0
4320136	0
4407996	0
4307461	0
4307460	0
4303862	0
4428284	0
4391612	0
4310979	0
4310978	0
4310977	0
4299027	0
4422772	0
4339253	0
4339481	0
4338847	0
4311884	0
4311885	0
4311888	0
4311889	0
4323032	0
4323031	0
4394162	0
4316894	0
4355799	0
4332004	0
4355795	0
4425426	0
4428662	0
4425431	0
4442037	0
4442034	0
4339203	0
4472865	0
4472866	0
4467956	0
4316809	0
4316804	0
4368343	0
4295767	0
4408408	0
4311792	0
4305026	0
4390530	0
4332968	0
4309448	0
4310559	0
4404801	0
4404804	0
4457461	0
4418604	0
4418607	0
4302675	0
4305247	0
4435259	0
4374078	0
4442727	0
4320060	0
4297815	0
4309803	0
280579	0
280488	0
4318977	0
4296632	0
4342597	0
4358003	0
4358002	0
4327020	0
4299377	0
4325007	0
4294808	0
4444683	0
4353335	0
4453353	0
4386045	0
4476508	0
4360074	0
4433770	0
4306092	0
4330079	0
4320582	0
4471355	0
4300924	0
4450247	0
4317334	0
4306332	0
4461837	0
4313624	0
4362453	0
4433355	0
4381947	0
4323851	0
4430350	0
4367331	0
4422399	0
4448416	0
4455663	0
4448347	0
4319289	0
4394867	0
4383916	0
4345738	0
4473381	0
4439906	0
4310937	0
4322376	0
4464451	0
4415730	0
4326780	0
4312238	0
4432398	0
4360522	0
4345522	0
4345524	0
4342602	0
4354601	0
4482425	0
4306676	0
4378911	0
4297644	0
4406498	0
4463834	0
4313182	0
4317278	0
4466011	0
4312619	0
4337649	0
4428891	0
4346074	0
4443643	0
4340649	0
4458074	0
4451101	0
4481892	0
4310026	0
4309558	0
4420574	0
4391104	0
4430096	0
4303182	0
4315073	0
4321368	0
4310367	0
4438373	0
4318675	0
4456273	0
4405758	0
4376192	0
4317780	0
4438438	0
4307616	0
4410906	0
4378736	0
4479364	0
4326816	0
4305938	0
4305544	0
4425918	0
4311795	0
4308939	0
4314095	0
4316006	0
4315156	0
4352721	0
4481096	0
4434954	0
4458440	0
4401167	0
4370595	0
4295007	0
4295009	0
4319086	0
4457959	0
4297689	0
4430240	0
4417997	0
4443373	0
4475003	0
4309711	0
4423814	0
4425067	0
4309827	0
4328050	0
4405595	0
4297834	0
4477009	0
4445257	0
4368005	0
4328578	0
4351583	0
4445437	0
4334045	0
4386843	0
4296028	0
4332839	0
4354320	0
4319811	0
4477691	0
4331937	0
4380259	0
4409837	0
4387446	0
4426529	0
4426525	0
4455657	0
4297704	0
4320125	0
4308821	0
4323682	0
4300120	0
4351175	0
4345737	0
4313701	0
4313702	0
4308414	0
4351179	0
4391111	0
4310365	0
4366550	0
4366075	0
4404143	0
4434953	0
4326437	0
4438368	0
4483650	0
4364435	0
4363038	0
4405814	0
4331338	0
4451571	0
4470806	0
4397144	0
4352801	0
4309594	0
4428086	0
4304071	0
4304063	0
4332459	0
4389190	0
4426564	0
4332962	0
4421974	0
4455857	0
4297819	0
4319314	0
4407465	0
4308538	0
4459517	0
4443624	0
4386781	0
4304146	0
4310938	0
4360534	0
572640	0
4335942	0
4311095	0
4315010	0
4309705	0
4309334	0
4320668	0
4352750	0
4316789	0
4381575	0
4323677	0
4319321	0
4446918	0
4410229	0
4307462	0
4442725	0
4328489	0
4387357	0
4318654	0
4299519	0
4389091	0
4387701	0
4304659	0
4356611	0
4311091	0
4333250	0
4314383	0
4475701	0
4428761	0
4455933	0
4426120	0
4468026	0
4310149	0
4320672	0
4386274	0
4353821	0
4296023	0
4302478	0
4433598	0
4448345	0
4454193	0
4385183	0
4459516	0
4430093	0
4303186	0
4439966	0
4322467	0
4386780	0
4297616	0
4352196	0
4306021	0
4301312	0
4383244	0
4472293	0
4438443	0
4378734	0
4319666	0
4331906	0
4428246	0
4294718	0
4461171	0
4298080	0
4309242	0
4342226	0
4430095	0
4306342	0
4410621	0
4460692	0
4448609	0
4332915	0
4310369	0
4366079	0
4317584	0
4332059	0
4303567	0
4379362	0
4303636	0
4432962	0
4420575	0
4312536	0
4409516	0
4392584	0
4435609	0
516656	0
4477689	0
4459520	0
4298489	0
4333114	0
4452967	0
4432964	0
4318884	0
4353735	0
4437016	0
4436405	0
4314594	0
4460181	0
4303633	0
4382068	0
4319316	0
4322931	0
4303289	0
828960	0
4409500	0
4299446	0
4450251	0
4308846	0
4470807	0
4322465	0
874420	0
1017381	0
952508	0
994196	0
1000281	0
966559	0
1027165	0
869288	0
892563	0
968740	0
978987	0
915209	0
1060286	0
893545	0
947709	0
858487	0
1054477	0
1046404	0
940000	0
969796	0
900788	0
1066141	0
1026378	0
883779	0
925900	0
906724	0
1011881	0
1024134	0
996457	0
909442	0
1022216	0
886366	0
1099185	0
1083290	0
1012958	0
995764	0
953636	0
892322	0
1080944	0
917820	0
896904	0
1059827	0
938965	0
1002873	0
944391	0
1002978	0
933792	0
972014	0
925178	0
1028575	0
946060	0
1077556	0
927676	0
960697	0
999454	0
897660	0
1018948	0
1012344	0
930988	0
907394	0
1005382	0
1029894	0
889497	0
1078383	0
891340	0
1087501	0
892045	0
898778	0
1077478	0
1053279	0
910636	0
941688	0
1087979	0
725480	0
689009	0
663297	0
778023	0
618759	0
664353	0
704918	0
780617	0
773434	0
745658	0
747934	0
644028	0
654209	0
637979	0
755531	0
797807	0
716162	0
606222	0
686364	0
671547	0
641961	0
620653	0
753517	0
645994	0
634000	0
616210	0
778429	0
748758	0
712799	0
614887	0
698957	0
760672	0
669078	0
802968	0
703219	0
732364	0
770750	0
745623	0
681626	0
644852	0
764130	0
726847	0
778230	0
387599	0
396959	0
1035163	0
906439	0
941196	0
862655	0
1000744	0
940057	0
914076	0
910634	0
1033277	0
1035143	0
912368	0
1086046	0
878928	0
1083756	0
927928	0
1068229	0
979899	0
1062606	0
915529	0
935345	0
907320	0
924309	0
989830	0
953124	0
1087236	0
992496	0
863037	0
1024051	0
874840	0
1075853	0
885573	0
879158	0
900111	0
1031532	0
1033439	0
946296	0
920879	0
1042869	0
1030179	0
937149	0
1041935	0
911362	0
736947	0
785213	0
794422	0
666654	0
699451	0
620177	0
722982	0
685050	0
800686	0
804136	0
379547	0
1094672	0
1074851	0
1030709	0
885061	0
1021009	0
1027223	0
946907	0
949442	0
1055545	0
978170	0
1058046	0
885422	0
1012232	0
1081884	0
1018727	0
857490	0
953461	0
980186	0
961300	0
1009736	0
1029246	0
1075554	0
904041	0
897520	0
928280	0
1026622	0
901104	0
1041101	0
1038802	0
858194	0
966792	0
982584	0
1069382	0
982077	0
1024418	0
1004298	0
1067820	0
911456	0
1092435	0
1035954	0
868345	0
1057545	0
912153	0
878019	0
930686	0
950788	0
1026616	0
1049623	0
905487	0
986828	0
965780	0
1101923	0
869426	0
931019	0
889969	0
1088539	0
1075437	0
1097181	0
890925	0
1102536	0
975122	0
967345	0
1098685	0
1047059	0
1068498	0
960606	0
1057549	0
957913	0
966683	0
1096992	0
852398	0
938151	0
898492	0
858532	0
691994	0
1061756	0
982934	0
892071	0
904471	0
1086078	0
1052613	0
878450	0
1065807	0
1084724	0
1013870	0
942699	0
1087671	0
950114	0
1063719	0
982207	0
861900	0
998477	0
927936	0
912191	0
878420	0
1035381	0
1098349	0
992865	0
967428	0
1029597	0
872455	0
911651	0
882918	0
924115	0
874890	0
1008578	0
936000	0
960405	0
1001805	0
1098012	0
1087931	0
955531	0
900688	0
881977	0
970739	0
1008301	0
901542	0
879956	0
1060267	0
882873	0
1092422	0
975408	0
1007259	0
1043504	0
977075	0
1046945	0
1084223	0
995120	0
1009638	0
1031968	0
943303	0
857480	0
862487	0
912090	0
878695	0
1064839	0
934791	0
940363	0
944781	0
972522	0
1021380	0
927179	0
1002289	0
962285	0
1039117	0
946186	0
1058188	0
1008005	0
905651	0
1009622	0
1002839	0
913539	0
925438	0
970071	0
872216	0
929921	0
980580	0
961975	0
935455	0
989173	0
1071535	0
868592	0
932142	0
1098486	0
1018095	0
898889	0
874581	0
916416	0
949268	0
1074114	0
1045295	0
962158	0
952108	0
1011122	0
884210	0
1045315	0
963588	0
1077733	0
1018180	0
1061586	0
861871	0
1036110	0
899957	0
861396	0
1058469	0
933762	0
921644	0
877279	0
1023804	0
1038896	0
871612	0
943624	0
931764	0
959226	0
950629	0
893822	0
1023470	0
902448	0
1096642	0
898996	0
978210	0
989357	0
992849	0
920489	0
944035	0
887188	0
969273	0
872650	0
1046468	0
958087	0
1011764	0
1007817	0
859819	0
948387	0
1010712	0
1082136	0
1030300	0
1061202	0
969574	0
998180	0
984428	0
897795	0
920978	0
933561	0
922157	0
859839	0
921010	0
933403	0
945799	0
1071282	0
956967	0
676223	0
775062	0
768923	0
681862	0
677970	0
692338	0
634694	0
633609	0
1064327	0
1053230	0
994366	0
1082944	0
1009824	0
875833	0
914991	0
1023310	0
901181	0
934427	0
1067369	0
883165	0
913672	0
909503	0
1022250	0
1007456	0
1043091	0
608962	0
1014465	0
745781	0
998268	0
653661	0
857366	0
784937	0
1048301	0
625754	0
976766	0
783246	0
929675	0
722061	0
934696	0
712510	0
873133	0
662959	0
1000846	0
694956	0
1093864	0
718168	0
911836	0
784404	0
949011	0
744477	0
1061444	0
643768	0
1103558	0
661616	0
899651	0
798130	0
1006352	0
790514	0
852346	0
763140	0
866120	0
765518	0
954197	0
723184	0
990768	0
678100	0
1017464	0
735583	0
1038096	0
790523	0
859873	0
755201	0
868579	0
701746	0
911061	0
778921	0
1101499	0
747294	0
950444	0
668368	0
869660	0
779968	0
1101722	0
679465	0
868554	0
612782	0
869478	0
612827	0
1060431	0
665591	0
915200	0
633867	0
1059687	0
634357	0
869938	0
685309	0
1009351	0
767566	0
985642	0
682342	0
1051797	0
763727	0
906487	0
624576	0
869371	0
749596	0
1085146	0
730590	0
1006789	0
765238	0
1097159	0
659247	0
1012492	0
784825	0
1007388	0
881345	0
859989	0
671266	0
962110	0
798293	0
881584	0
610414	0
989555	0
734740	0
934544	0
754170	0
1017808	0
773766	0
1080446	0
744234	0
1082342	0
1032020	0
730884	0
719080	0
879087	0
620921	0
1026443	0
689608	0
853764	0
734290	0
889388	0
796013	0
994021	0
783101	0
855462	0
713936	0
1017491	0
752371	0
1055208	0
743362	0
1091736	0
803774	0
1004444	0
663613	0
1026652	0
666118	0
874542	0
620379	0
953614	0
728659	0
996779	0
722260	0
904993	0
638955	0
1020089	0
610215	0
886290	0
799256	0
925713	0
652540	0
960636	0
629955	0
870153	0
693176	0
940685	0
778482	0
886377	0
690571	0
1005240	0
636846	0
861814	0
721565	0
958423	0
789790	0
1098327	0
801452	0
952620	0
791640	0
1046029	0
739852	0
928515	0
691193	0
1030811	0
626663	0
920916	0
616728	0
1100971	0
779154	0
886808	0
761050	0
996564	0
749271	0
1042112	0
723094	0
858811	0
729151	0
987423	0
667742	0
1087507	0
700374	0
909896	0
956978	0
1036064	0
930973	0
1002285	0
887835	0
729567	0
893215	0
606348	0
1019973	0
625802	0
1017495	0
633113	0
862948	0
691747	0
939819	0
727790	0
872060	0
712428	0
1034164	0
754681	0
1071046	0
652764	0
952940	0
766843	0
1103573	0
628113	0
929611	0
758492	0
991581	0
671310	0
948545	0
637911	0
888639	0
639635	0
927692	0
645043	0
979074	0
799268	0
907020	0
697702	0
1082692	0
782491	0
1011263	0
641875	0
895615	0
609055	0
1040434	0
610751	0
930193	0
801843	0
969563	0
748469	0
857255	0
749598	0
901259	0
671382	0
1056253	0
692980	0
872050	0
794238	0
1104396	0
676244	0
1040419	0
702960	0
853245	0
714126	0
1054374	0
760361	0
1031022	0
704342	0
942218	0
769917	0
972345	0
649880	0
956011	0
631930	0
982727	0
646862	0
881005	0
655259	0
1015999	0
764669	0
941066	0
668851	0
1009875	0
702959	0
890412	0
639545	0
987667	0
796279	0
443186	0
410197	0
1038539	0
786172	0
990109	0
652697	0
1087277	0
669330	0
884147	0
655490	0
895549	0
726524	0
1093216	0
767980	0
1097327	0
638405	0
859521	0
719848	0
1000936	0
753499	0
894618	0
668359	0
853248	0
668571	0
962785	0
676714	0
879347	0
766190	0
1053119	0
622745	0
753504	0
737628	0
699377	0
652464	0
780996	0
764976	0
640059	0
789105	0
631902	0
771127	0
419753	0
435208	0
460358	0
375583	0
410515	0
406328	0
380784	0
407412	0
381817	0
450407	0
385114	0
388559	0
419043	0
401549	0
402032	0
459686	0
460022	0
428745	0
457236	0
417972	0
384000	0
463085	0
462946	0
448860	0
397839	0
414765	0
389625	0
437383	0
391333	0
415082	0
419309	0
403820	0
498070	0
498202	0
500521	0
500826	0
500830	0
908726	0
1026029	0
857370	0
923354	0
1024982	0
896236	0
1034583	0
894395	0
1035319	0
1028304	0
963513	0
964497	0
879860	0
702229	0
734692	0
867767	0
968453	0
1087226	0
986356	0
941386	0
960693	0
869176	0
983341	0
638083	0
1088927	0
1101230	0
875732	0
1056850	0
1096190	0
953289	0
931590	0
984255	0
1069971	0
874478	0
974766	0
1082990	0
1096099	0
1097609	0
864513	0
961489	0
890223	0
866051	0
956842	0
666340	0
878173	0
1030310	0
957201	0
859674	0
880810	0
689988	0
886790	0
611675	0
1098458	0
650553	0
967018	0
631706	0
948204	0
693167	0
903601	0
690210	0
928464	0
761135	0
1088029	0
981670	0
1087349	0
926149	0
953093	0
1089498	0
949504	0
714545	0
915041	0
946656	0
662918	0
1003434	0
775905	0
879044	0
879059	0
669590	0
4484796	0
4473384	0
4298371	0
4364025	0
4303632	0
4376255	0
4392887	0
1076035	0
4309593	0
4400302	0
4308412	0
4439963	0
4417523	0
4467162	0
4295991	0
4323779	0
4445025	0
4456270	0
4306181	0
4317476	0
4318784	0
4467972	0
4308932	0
4368899	0
4420919	0
4410902	0
4431443	0
4304654	0
4425341	0
4327764	0
4296081	0
4409546	0
4337598	0
4323395	0
4387288	0
4320674	0
4353799	0
4315794	0
4301061	0
4378735	0
4454188	0
4455324	0
4295754	0
4419339	0
4446784	0
4467698	0
4444271	0
4452972	0
4446483	0
4371906	0
4319285	0
4428649	0
4397659	0
4372491	0
4452790	0
4376583	0
4444326	0
4379034	0
4455845	0
4294977	0
4342221	0
4350494	0
4432961	0
4363722	0
4303180	0
4304527	0
4312242	0
4472548	0
4308381	0
4301343	0
4320128	0
4306178	0
4432967	0
4432963	0
4322909	0
4312246	0
4360320	0
4318756	0
4428759	0
4465239	0
4441964	0
4310033	0
4451572	0
4315592	0
4452970	0
4298369	0
4470801	0
1092725	0
4310145	0
4454357	0
4322468	0
4468498	0
4328203	0
4367217	0
4316035	0
4316510	0
4475036	0
4323024	0
4311855	0
4339777	0
4483445	0
4314552	0
4308406	0
4445439	0
4375324	0
4424151	0
4337724	0
4404800	0
4351588	0
4416119	0
4315075	0
4311597	0
4484384	0
4475035	0
4322012	0
4367332	0
4443638	0
4451321	0
4298491	0
4315429	0
4392755	0
4439964	0
4422974	0
4411293	0
4309600	0
4406725	0
4295755	0
4294598	0
4322910	0
4337737	0
4375066	0
4452969	0
887884	0
4438390	0
4407453	0
4306176	0
4308851	0
4305787	0
4404557	0
4456997	0
4372589	0
4311940	0
4360306	0
4321181	0
4294593	0
4307611	0
4364121	0
981651	0
4410187	0
4475280	0
944267	0
787423	0
4302361	0
4351692	0
4404552	0
4300004	0
4340962	0
4318653	0
1052622	0
4448516	0
4372053	0
4320732	0
4442488	0
4456690	0
4463833	0
4428245	0
4368826	0
4392752	0
4423665	0
4299451	0
4463836	0
4300497	0
4383249	0
4435775	0
4472821	0
4299783	0
4366548	0
4368961	0
2193685	1
1133514	1
1136454	1
1121620	1
1125104	1
1108444	1
136680	1
1141118	1
564817	1
4463691	1
173767	1
554699	1
178255	1
185685	1
77461	1
77530	1
1122400	1
1127133	1
1142695	1
4394592	1
4394593	1
4425964	1
1141887	1
4425962	1
4425963	1
4425958	1
4425959	1
555532	1
561859	1
591509	1
329557	1
344665	1
353094	1
77289	1
1123546	1
1123453	1
1130813	1
758266	1
796843	1
706477	1
777465	1
247322	1
49852	1
30241	1
2929919	1
2998569	1
2998568	1
540603	1
1760916	1
2193682	1
846469	1
106837	1
2193684	1
332550	1
1107352	1
1110132	1
1109580	1
1109107	1
29016	1
17796	1
4301085	1
4301084	1
832884	1
825632	1
832693	1
833544	1
704075	1
751972	1
1128922	1
7194	1
512080	1
510557	1
536225	1
576446	1
691592	1
657046	1
106980	1
1135527	1
774826	1
558833	1
1140164	1
1145637	1
4463690	1
197311	1
1121171	1
1135422	1
1121799	1
80812	1
4034328	1
584785	1
2193683	1
2193681	1
2193679	1
2193680	1
4473175	1
4473178	1
97650	1
784415	1
185636	1
4425960	1
550172	1
629864	1
770438	1
4463689	1
188545	1
177982	1
1131113	1
1128291	1
548646	1
80462	1
80740	1
516319	1
511737	1
338705	1
533624	1
106388	1
4360942	1
265250	1
277564	1
115001	1
259188	1
272141	1
334825	1
115052	1
115043	1
114910	1
114954	1
115134	1
115060	1
115044	1
114938	1
115042	1
115118	1
115094	1
114907	1
114983	1
4422394	1
1122471	1
117260	1
104322	1
4376776	1
140340	1
1145588	1
239760	1
4301101	1
4254477	1
3579428	1
136915	1
4379527	1
1117477	1
794956	1
237107	1
766479	1
345964	1
168651	1
55816	1
168977	1
165426	1
172986	1
165831	1
816511	1
164005	1
306492	1
571915	1
732144	1
572454	1
638215	1
556959	1
1085365	1
751563	1
1069102	1
735219	1
960647	1
611636	1
764580	1
669560	1
751689	1
626648	1
420007	1
499861	1
499953	1
834519	1
136134	1
729564	1
4312977	1
140320	1
656893	1
165247	1
171089	1
166369	1
168112	1
163864	1
162359	1
171046	1
237586	1
841392	1
815213	1
542276	1
59345	1
549645	1
653302	1
672120	1
711366	1
608326	1
146051	1
708399	1
65323	1
150166	1
635390	1
3180361	1
395366	1
458868	1
533511	1
562526	1
223431	1
6241	1
749750	1
560144	1
40384	1
3426112	1
4289486	1
4365408	1
4365407	1
785517	1
149846	1
149977	1
555265	1
303814	1
226194	1
756406	1
149563	1
146058	1
146464	1
4241434	1
47031	1
4466881	1
793168	1
681870	1
572871	1
19856	1
549225	1
171691	1
21753	1
629897	1
637033	1
753983	1
552514	1
900769	1
604884	1
1034037	1
670197	1
415348	1
446320	1
403923	1
392314	1
65329	1
3407174	1
4355059	1
4355061	1
65327	1
65321	1
65322	1
790289	1
56495	1
670272	1
728802	1
4297701	1
641357	1
326054	1
574646	1
149732	1
148092	1
532603	1
642748	1
552710	1
147363	1
147721	1
146239	1
635919	1
694965	1
147147	1
628789	1
701856	1
148425	1
146712	1
1115838	1
642123	1
573413	1
957557	1
659676	1
1942600	1
1073436	1
654467	1
1029641	1
668421	1
1028714	1
795850	1
908299	1
766143	1
922107	1
609543	1
1026279	1
747146	1
448537	1
444228	1
950228	1
1006843	1
929791	1
732372	1
946128	1
620720	1
1096212	1
611393	1
860109	1
1103964	1
719708	1
896004	1
4383407	1
4431832	1
115259	1
15461	1
240886	1
4334857	1
1680799	1
1680800	1
1651099	1
4455488	1
1652270	1
15476	1
15488	1
131467	1
137259	1
128259	1
420095	1
303166	1
294843	1
298440	1
642152	1
698559	1
794705	1
768016	1
654492	1
637122	1
788497	1
772958	1
712997	1
785265	1
746323	1
745328	1
736932	1
755130	1
635035	1
841758	1
1008591	1
872388	1
371527	1
462569	1
411967	1
490262	1
490717	1
905062	1
891191	1
923857	1
1059042	1
914552	1
977328	1
991138	1
1031535	1
986394	1
651889	1
886928	1
667695	1
854947	1
669395	1
906108	1
798193	1
940292	1
701619	1
394355	1
408562	1
434653	1
371785	1
445072	1
423793	1
391807	1
372828	1
405736	1
371310	1
433070	1
443115	1
392640	1
376994	1
424273	1
412915	1
401897	1
422857	1
401744	1
460421	1
458007	1
405374	1
452653	1
462113	1
373343	1
421091	1
403503	1
467237	1
450902	1
385315	1
427999	1
393923	1
490176	1
490233	1
490249	1
490694	1
490728	1
490732	1
502788	1
502837	1
502840	1
502992	1
503009	1
502839	1
502943	1
503032	1
503087	1
503089	1
503096	1
503107	1
506605	1
1057021	1
675900	1
375132	1
502786	1
502851	1
503063	1
926923	1
648255	1
430589	1
1047674	1
1096137	1
4431829	1
4431828	1
1094005	1
1115035	1
1144595	1
851835	1
849435	1
15462	1
15463	1
640432	1
139548	1
15464	1
115221	1
102997	1
115225	1
115349	1
107577	1
107433	1
107288	1
15465	1
4392727	1
179411	1
102872	1
107725	1
750811	1
242581	1
252269	1
240916	1
255190	1
245508	1
4309552	1
796601	1
4309547	1
4309551	1
4411432	1
4380719	1
4321091	1
2484417	1
3905105	1
4448108	1
2690260	1
3368769	1
3368765	1
3368766	1
2615107	1
2615106	1
3144873	1
2615111	1
2615110	1
3111023	1
3111022	1
1680794	1
1680795	1
1680802	1
1680803	1
1680804	1
4380718	1
3989888	1
3989891	1
4441445	1
3989885	1
3989884	1
3577601	1
3577602	1
3577599	1
3174956	1
3368767	1
3111021	1
3111024	1
1680805	1
1680798	1
4380717	1
3368768	1
3111025	1
1680801	1
4455483	1
4455484	1
1651180	1
4455486	1
4455485	1
4328177	1
4455487	1
4415449	1
4415949	1
4415948	1
4415946	1
4415945	1
3140172	1
3152798	1
4415944	1
4415947	1
2070291	1
4259388	1
4259391	1
4259393	1
828741	1
826636	1
825594	1
826087	1
4424236	1
150029	1
137905	1
247499	1
246842	1
225875	1
223022	1
225457	1
222561	1
219722	1
4333802	1
1626540	1
4415019	1
4419283	1
2584539	1
2724783	1
2675565	1
2948422	1
4391278	1
4396544	1
2944931	1
4425137	1
3619347	1
3872182	1
2781462	1
1773490	1
4472355	1
4206900	1
1552837	1
4333797	1
4419284	1
4350894	1
4344280	1
3599596	1
4377165	1
4335524	1
2375952	1
4415079	1
4161923	1
1996559	1
4406853	1
2032748	1
3572011	1
4161916	1
2473191	1
1888680	1
3442420	1
4446619	1
4458335	1
2040760	1
3763371	1
4443517	1
3661155	1
4335523	1
3268650	1
4419290	1
4352841	1
1821033	1
4481009	1
4344206	1
3136621	1
1888679	1
4406859	1
2417397	1
4406860	1
3948524	1
4376525	1
3418335	1
4446620	1
3661158	1
4406855	1
520790	1
926335	1
936843	1
1064236	1
975147	1
1087710	1
1103459	1
1050194	1
1071100	1
987435	1
747596	1
591237	1
966074	1
4486041	1
4485494	1
4485495	1
4485496	1
15470	1
15469	1
15468	1
15471	1
534193	1
799884	1
297188	1
289042	1
298705	1
297760	1
301875	1
300101	1
287866	1
298397	1
295745	1
293915	1
287715	1
292125	1
918585	1
464721	1
1077757	1
1083649	1
447887	1
900914	1
362525	1
115190	1
4344207	1
359693	1
967145	1
359079	1
1075424	1
1006847	1
1066155	1
904997	1
938384	1
1888677	1
1599709	1
936798	1
4423321	1
217734	1
15467	1
15466	1
620757	1
243008	1
4480245	1
630991	1
4454475	1
4317840	1
4294674	1
926205	1
1085100	1
4359317	1
4359315	1
4405300	1
4479783	1
4470421	1
70091	1
26896	1
676439	1
4485928	1
150451	1
533277	1
86780	1
87661	1
240953	1
253168	1
246776	1
246037	1
239643	1
236270	1
256530	1
4424235	1
1033696	1
105927	1
4350247	1
584946	1
340906	1
67228	1
11859	1
551381	1
1143245	1
153601	1
539840	1
815059	1
313761	1
3366255	1
810647	1
4380531	1
4426712	1
989404	1
628054	1
644057	1
351932	1
4386968	1
163253	1
511362	1
693797	1
569562	1
315397	1
751652	1
511522	1
332479	1
572922	1
574085	1
1146392	1
706471	1
2394321	1
4433637	1
184721	1
690863	1
262144	1
4395513	1
152610	1
270229	1
4307236	1
1124585	1
3224741	1
114617	1
264377	1
4347228	1
4349107	1
533169	1
277137	1
241473	1
4311525	1
4401594	1
4307238	1
4389783	1
4307237	1
11861	1
1133726	1
153741	1
308014	1
314318	1
4349803	1
563470	1
4349004	1
524372	1
518066	1
277320	1
355167	1
258491	1
276570	1
329632	1
543738	1
512696	1
604936	1
4194975	1
548952	1
33286	1
160472	1
582429	1
579773	1
583901	1
982526	1
733701	1
4486114	1
107760	1
102727	1
4307587	1
102566	1
763971	1
157497	1
752321	1
4303353	1
2460674	1
4382530	1
111634	1
109029	1
109028	1
109032	1
109030	1
323924	1
109031	1
4417623	1
1144511	1
1098929	1
4365216	1
558099	1
538064	1
77605	1
6883	1
6881	1
6833	1
6882	1
2449602	1
1043176	1
4462686	1
4462687	1
1911808	1
348736	1
103365	1
107166	1
4087115	1
808541	1
690594	1
369739	1
701202	1
698165	1
776302	1
739689	1
758087	1
683882	1
670919	1
617755	1
728678	1
650032	1
621773	1
724533	1
647298	1
688996	1
666189	1
721483	1
657408	1
682492	1
612265	1
682309	1
638408	1
718292	1
650704	1
690952	1
729351	1
715956	1
699686	1
661524	1
634477	1
240738	1
722506	1
720975	1
749383	1
683909	1
751063	1
744424	1
648556	1
753163	1
776404	1
753081	1
676685	1
606476	1
671333	1
621758	1
625355	1
654811	1
634365	1
707987	1
618651	1
712274	1
782447	1
627423	1
683830	1
720919	1
628895	1
796434	1
699596	1
636542	1
612338	1
798228	1
621706	1
743815	1
752589	1
728393	1
618557	1
696144	1
659994	1
707943	1
662701	1
681783	1
766334	1
791385	1
34323	1
797129	1
740277	1
641091	1
737372	1
785451	1
623176	1
750537	1
733367	1
799168	1
801922	1
689520	1
767314	1
704754	1
688320	1
609251	1
771102	1
723078	1
782321	1
689305	1
616589	1
742526	1
762803	1
707491	1
793091	1
641516	1
744921	1
778331	1
771247	1
777040	1
685564	1
756188	1
638511	1
663912	1
761285	1
789496	1
715329	1
718924	1
764741	1
757895	1
634189	1
632718	1
664501	1
693431	1
650835	1
666301	1
607534	1
771513	1
668503	1
764549	1
662342	1
712053	1
646074	1
636966	1
706902	1
793412	1
756371	1
710912	1
727038	1
688245	1
730690	1
714388	1
668127	1
803374	1
605417	1
674886	1
643574	1
651121	1
637324	1
734187	1
796216	1
771480	1
774944	1
798580	1
658703	1
655452	1
747506	1
756141	1
798543	1
729139	1
640062	1
781729	1
795798	1
668529	1
726079	1
682065	1
647546	1
785402	1
769699	1
688409	1
661008	1
691827	1
789568	1
629096	1
775983	1
632809	1
660028	1
630387	1
681591	1
734720	1
642598	1
717825	1
786146	1
792553	1
772745	1
676247	1
780201	1
703156	1
614088	1
743160	1
786785	1
1136846	1
363528	1
240021	1
668081	1
621593	1
741613	1
670567	1
768686	1
636634	1
758414	1
675114	1
657090	1
645611	1
364999	1
717176	1
732749	1
781221	1
645295	1
716937	1
795007	1
703631	1
708321	1
776361	1
730280	1
713355	1
682927	1
674545	1
768500	1
634246	1
