GenomeID	Salt_optimum
678402	1
824284	1
820075	1
817305	1
564228	1
108279	1
582121	1
536378	1
243125	1
488026	1
488071	1
488090	1
589503	1
4331428	1
246525	1
1132548	1
243869	1
4331425	1
249845	1
4445213	1
537197	1
591112	1
567472	1
576126	1
4331429	1
236267	1
585161	1
4341752	1
878103	1
4331431	1
247510	1
247554	1
1131270	1
253815	1
900015	1
253918	1
540939	1
274467	1
111281	1
4408009	5.25
793461	5.25
789510	5.25
696948	5.25
541649	5.25
549351	5.25
406908	5.25
143401	5.25
90686	5.25
664177	5.25
642788	5.25
589864	5.25
693031	5.25
195877	5.25
560027	3.5
147268	3.5
80229	3.5
715166	3.5
80619	3.5
1110537	3.5
405823	3.5
396579	3.5
1106056	3.5
89370	2.5
582313	2.5
300272	2.5
264371	2.5
1643426	2.5
4462425	2.5
3828866	2.5
2725290	2.5
4436005	2.5
1939082	2.5
4318644	2.5
101225	2.5
4349383	2.5
3172055	2.5
4472698	2.5
362192	2.5
2603843	2.5
4141536	2.5
3199526	2.5
4377394	2.5
4377397	2.5
4349531	2.5
4335424	2.5
4335425	2.5
1728557	2.5
4340434	2.5
4334171	2.5
4435696	2.5
4381761	2.5
2955237	2.5
2565981	2.5
4393588	2.5
2275496	2.5
3701499	2.5
4370071	2.5
4438292	2.5
3392830	2.5
2023732	2.5
1986663	2.5
3828901	2.5
3215238	2.5
2547782	2.5
4435582	2.5
4298954	2.5
2746349	2.5
4414471	2.5
3286271	2.5
3350673	2.5
4459436	2.5
3358212	2.5
4224600	2.5
3552939	2.5
4378739	2.5
4380948	2.5
4457419	2.5
105715	2.5
4439734	2.5
4348778	2.5
2612553	2.5
3654884	2.5
3283485	2.5
3353110	2.5
4429321	2.5
3093917	2.5
4454243	2.5
4411622	2.5
4364539	2.5
3353115	2.5
4401769	2.5
3576919	2.5
4063706	2.5
1863015	2.5
4367696	2.5
3718728	2.5
3684927	2.5
1678863	2.5
3012786	2.5
2615651	2.5
3924713	2.5
3023154	2.5
4419600	2.5
4463076	2.5
4081300	2.5
3028530	2.5
4445071	2.5
608396	2.5
2312840	2.5
3613883	2.5
4366033	2.5
4362976	2.5
4362978	2.5
2527437	2.5
2871842	2.5
3517729	2.5
3828801	2.5
3629684	2.5
367117	2.5
2797980	2.5
3193578	2.5
2346437	2.5
4330131	2.5
2089436	2.5
2089435	2.5
3015891	2.5
4233969	2.5
3689523	2.5
2301851	2.5
4289383	2.5
1505573	2.5
4348819	2.5
364599	2.5
368363	2.5
3192591	2.5
2215848	2.5
3620082	2.5
4324656	2.5
4415196	2.5
363871	2.5
2772153	2.5
4013058	2.5
1658679	2.5
4385601	2.5
3799748	2.5
3040949	2.5
3457677	2.5
2852075	2.5
2238671	2.5
4465038	2.5
3195726	2.5
4391566	2.5
3899011	2.5
4302782	2.5
2952733	2.5
4331694	2.5
2204505	2.5
2578374	2.5
3267887	2.5
4475960	2.5
3611916	2.5
4351733	2.5
2142771	2.5
4415516	2.5
1741490	2.5
4358305	2.5
1776887	2.5
3598946	2.5
3117035	2.5
2572347	2.5
1571244	2.5
4346815	2.5
4475844	2.5
4469890	2.5
2805447	2.5
3218884	2.5
3696410	2.5
2849737	2.5
4377396	2.5
3530920	2.5
4446480	2.5
4331471	2.5
2825793	2.5
4395524	2.5
3237716	2.5
4483329	2.5
4371578	2.5
2457858	2.5
4354060	2.5
1580377	2.5
971543	2.5
856927	2.5
670334	2.5
691108	2.5
629425	2.5
648064	2.5
663706	2.5
728041	2.5
665996	2.5
765665	2.5
655170	2.5
799426	2.5
622088	2.5
663858	2.5
771394	2.5
696166	2.5
608824	2.5
725316	2.5
680340	2.5
768887	2.5
718281	2.5
786388	2.5
405388	2.5
393884	2.5
543604	2.5
553327	2.5
656182	2.5
373663	2.5
1604096	2.5
4450732	2.5
702079	2.5
4326280	2.5
4210139	2.5
3215831	2.5
4386407	2.5
4366912	2.5
296462	2.5
1815416	2.5
3327541	2.5
4469924	2.5
4052620	2.5
727220	2.5
88281	2.5
366952	2.5
2270271	2.5
2441330	2.5
3403069	2.5
2268864	2.5
2377390	2.5
4128043	2.5
4376477	2.5
3997008	2.5
4359666	2.5
4480138	2.5
696423	2.5
214774	2.5
84072	2.5
2282633	2.5
3747075	2.5
4469020	2.5
3758550	2.5
2858777	2.5
2806316	2.5
4374581	2.5
3019899	2.5
4435120	2.5
4416175	2.5
3073033	2.5
4352894	2.5
2484313	2.5
2876794	2.5
3487222	2.5
3758543	2.5
1741679	2.5
4397810	2.5
82680	2.5
3196189	2.5
2374730	2.5
3662644	2.5
4381348	2.5
2388086	2.5
4393291	2.5
2216074	2.5
1638969	2.5
2227908	2.5
4328563	2.5
4480825	2.5
2085957	2.5
4465002	2.5
4200912	2.5
3191202	2.5
4386639	2.5
3072298	2.5
2558489	2.5
2558483	2.5
361437	2.5
357983	2.5
2592157	2.5
4406750	2.5
3216827	2.5
1626043	2.5
3713334	2.5
1959226	2.5
4434820	2.5
4446044	2.5
1700045	2.5
4432495	2.5
4324686	2.5
2600153	2.5
4396081	2.5
2427514	2.5
2792230	2.5
3725875	2.5
3129560	2.5
3843891	2.5
3579221	2.5
3278921	2.5
3648977	2.5
4361622	2.5
4475196	2.5
1938800	2.5
4327358	2.5
4457421	2.5
4471871	2.5
1595212	2.5
3184773	2.5
4337962	2.5
4452194	2.5
4405246	2.5
1773578	2.5
1937041	2.5
4450801	2.5
2074317	2.5
3196812	2.5
2096650	2.5
4154328	2.5
2045113	2.5
1593225	2.5
3917518	2.5
3353108	2.5
4360721	2.5
4421750	2.5
3623953	2.5
4068754	2.5
4387753	2.5
3567032	2.5
2005110	2.5
2343952	2.5
4449981	2.5
2092112	2.5
3978871	2.5
4477073	2.5
4414464	2.5
4443219	2.5
4449376	2.5
1982027	2.5
2870679	2.5
4355702	2.5
4387708	2.5
4392693	2.5
2074864	2.5
4072712	2.5
4471114	2.5
2796208	2.5
2484202	2.5
3285237	2.5
4475361	2.5
3583934	2.5
4345205	2.5
4328866	2.5
4444665	2.5
4328867	2.5
4353743	2.5
4353742	2.5
4368917	2.5
325698	2.5
2237539	2.5
4373885	2.5
2658175	2.5
3587179	2.5
4350588	2.5
4350587	2.5
4454636	2.5
4402723	2.5
1856851	2.5
4457925	2.5
4458883	2.5
4458886	2.5
4336294	2.5
4400499	2.5
4433112	2.5
2890159	2.5
3926233	2.5
3358214	2.5
3250226	2.5
4455585	2.5
4049987	2.5
3008794	2.5
3747074	2.5
4454248	2.5
3078940	2.5
2035406	2.5
2314389	2.5
4328551	2.5
4184572	2.5
4417324	2.5
4385917	2.5
2687755	2.5
4482504	2.5
3008042	2.5
1733120	2.5
3832677	2.5
4434766	2.5
2950921	2.5
3832470	2.5
4296837	2.5
4346496	2.5
4141759	2.5
1661969	2.5
4251321	2.5
4184567	2.5
1521362	2.5
3931540	2.5
3189620	2.5
4468510	2.5
4341446	2.5
4329146	2.5
4347526	2.5
4353496	2.5
4325158	2.5
4335481	2.5
1571221	2.5
2029689	2.5
4455519	2.5
3915203	2.5
4441259	2.5
3670453	2.5
4373977	2.5
4350288	2.5
3209979	2.5
4191310	2.5
4474370	2.5
4457498	2.5
4445569	2.5
4387754	2.5
2789395	2.5
4407367	2.5
4299833	2.5
1571240	2.5
1593224	2.5
3671152	2.5
1705127	2.5
2560612	2.5
4473710	2.5
2658706	2.5
3569800	2.5
4481711	2.5
4446064	2.5
3440974	2.5
1913688	2.5
2287437	2.5
1750665	2.5
1593218	2.5
4475963	2.5
3815959	2.5
1980585	2.5
3453391	2.5
4407990	2.5
3303757	2.5
4474367	2.5
4137240	2.5
4128775	2.5
3594551	2.5
3152796	2.5
2921545	2.5
4471115	2.5
2565984	2.5
3314177	2.5
4367644	2.5
3708140	2.5
2091371	2.5
4364124	2.5
4120222	2.5
3724366	2.5
4392605	2.5
4346691	2.5
4336642	2.5
1817268	2.5
2551492	2.5
3578744	2.5
4251761	2.5
4454717	2.5
2507344	2.5
1693610	2.5
4436198	2.5
3511772	2.5
4351671	2.5
2427943	2.5
4366028	2.5
3933494	2.5
4450635	2.5
4199281	2.5
4436663	2.5
4326282	2.5
4360723	2.5
1993717	2.5
2893542	2.5
3035959	2.5
1959225	2.5
2491914	2.5
2166233	2.5
1742239	2.5
4159128	2.5
2840210	2.5
2535454	2.5
4421901	2.5
2766325	2.5
2275483	2.5
2493508	2.5
4392604	2.5
3901547	2.5
3029456	2.5
4315367	2.5
2738384	2.5
108674	2.5
557384	2.5
4391715	2.5
3334986	2.5
4178495	2.5
4451441	2.5
2272564	2.5
2272569	2.5
4467203	2.5
1803622	2.5
3487212	2.5
297365	2.5
4141001	2.5
4336314	2.5
4471106	2.5
4353728	2.5
2195545	2.5
3547941	2.5
4352271	2.5
4382253	2.5
4174920	2.5
613397	2.5
64346	2.5
85315	2.5
2070191	2.5
4438848	2.5
4369741	2.5
4397012	2.5
2207436	2.5
1744263	2.5
2799290	2.5
4384510	2.5
4340950	2.5
4353996	2.5
4390926	2.5
2177520	2.5
2540435	2.5
1999047	2.5
3974601	2.5
4139745	2.5
3226031	2.5
2881200	2.5
4417696	2.5
2016291	2.5
2560610	2.5
4336645	2.5
4219229	2.5
3995347	2.5
4318777	2.5
2026018	2.5
2558589	2.5
4384872	2.5
4404626	2.5
4477074	2.5
4341925	2.5
4402676	2.5
4436875	2.5
3374366	2.5
4242719	2.5
2073631	2.5
4431099	2.5
4014303	2.5
2828382	2.5
4381498	2.5
4342269	2.5
3971964	2.5
4219225	2.5
4376593	2.5
4384322	2.5
4429792	2.5
3429725	2.5
4327261	2.5
3724775	2.5
4345398	2.5
4415451	2.5
4352895	2.5
4139740	2.5
4457684	2.5
2935730	2.5
3089946	2.5
2272565	2.5
3019708	2.5
2928891	2.5
3148483	2.5
4409801	2.5
1661618	2.5
4440884	2.5
3400359	2.5
3704026	2.5
4451435	2.5
2779753	2.5
4219230	2.5
2955143	2.5
3817528	2.5
2832768	2.5
3100940	2.5
4421080	2.5
4442898	2.5
3163325	2.5
3705204	2.5
4366472	2.5
1640464	2.5
4387362	2.5
3373552	2.5
2662605	2.5
4481865	2.5
4389377	2.5
4434245	2.5
4375471	2.5
3199531	2.5
4419541	2.5
3601533	2.5
4441837	2.5
2371685	2.5
3729632	2.5
3161956	2.5
4427803	2.5
4424274	2.5
4198777	2.5
4328060	2.5
4470412	2.5
2578094	2.5
4416840	2.5
4398294	2.5
3548549	2.5
4481641	2.5
4405559	2.5
1592057	2.5
2464221	2.5
4350195	2.5
2253805	2.5
2244841	2.5
4447301	2.5
2890166	2.5
4326281	2.5
3333304	2.5
4364369	2.5
4445072	2.5
4422421	2.5
4287948	2.5
2090906	2.5
3198431	2.5
1737319	2.5
3303752	2.5
4369564	2.5
4481643	2.5
4459429	2.5
4343182	2.5
4343178	2.5
2132856	2.5
4420599	2.5
4234373	2.5
4429197	2.5
3758546	2.5
3175653	2.5
4384749	2.5
2493219	2.5
4474766	2.5
3321279	2.5
4339554	2.5
3260981	2.5
2818413	2.5
2064831	2.5
4392162	2.5
1741676	2.5
4377657	2.5
3660358	2.5
4437041	2.5
4474329	2.5
1766442	2.5
1712180	2.5
3728861	2.5
1866486	2.5
4330175	2.5
3882055	2.5
1512313	2.5
3333306	2.5
4476645	2.5
4447047	2.5
4187121	2.5
2567744	2.5
4438926	2.5
3294558	2.5
2881202	2.5
4464153	2.5
2820244	2.5
3725871	2.5
4481886	2.5
4464710	2.5
4386166	2.5
4369197	2.5
4479875	2.5
3013696	2.5
4373914	2.5
2598157	2.5
4384746	2.5
3426409	2.5
2671127	2.5
4344698	2.5
4483025	2.5
1593220	2.5
2592159	2.5
4412568	2.5
2529470	2.5
2685537	2.5
2074861	2.5
4332870	2.5
3896306	2.5
3165591	2.5
3912762	2.5
4350479	2.5
4421219	2.5
4375533	2.5
1791899	2.5
3678628	2.5
4418683	2.5
3834798	2.5
4444099	2.5
3823339	2.5
4324836	2.5
2795077	2.5
1938797	2.5
3899010	2.5
1961211	2.5
2820531	2.5
4217461	2.5
4392289	2.5
4371199	2.5
4212794	2.5
3955717	2.5
2479570	2.5
4048869	2.5
4424560	2.5
4079462	2.5
4335827	2.5
2051275	2.5
3241536	2.5
4324611	2.5
4354265	2.5
2454585	2.5
1523812	2.5
2820540	2.5
4466377	2.5
4336859	2.5
1750400	2.5
3601610	2.5
4478175	2.5
2624938	2.5
3164925	2.5
4355433	2.5
3936549	2.5
2812402	2.5
4418637	2.5
4356922	2.5
4473610	2.5
4449982	2.5
2064575	2.5
2858776	2.5
3934299	2.5
4391581	2.5
4037004	2.5
4109682	2.5
3815248	2.5
4378965	2.5
1540211	2.5
4380093	2.5
3393026	2.5
2175677	2.5
4383786	2.5
4010228	2.5
4224611	2.5
4359523	2.5
4372292	2.5
4461653	2.5
4382933	2.5
4382251	2.5
4349769	2.5
4404677	2.5
1834642	2.5
3785616	2.5
4368695	2.5
4478091	2.5
2253803	2.5
2253807	2.5
4443516	2.5
2927630	2.5
2051277	2.5
2051280	2.5
2700814	2.5
4392288	2.5
3403504	2.5
3740038	2.5
1853631	2.5
2096477	2.5
3813505	2.5
3655137	2.5
4418713	2.5
2163617	2.5
4469021	2.5
4440003	2.5
4438898	2.5
4438900	2.5
4342943	2.5
4479641	2.5
4408452	2.5
4366654	2.5
1786242	2.5
3644246	2.5
2578093	2.5
4397809	2.5
3453402	2.5
4128050	2.5
4409737	2.5
4445069	2.5
3947187	2.5
4337359	2.5
4410203	2.5
3163321	2.5
3832474	2.5
1626546	2.5
2035148	2.5
4476038	2.5
1938977	2.5
4475883	2.5
3118802	2.5
4305472	2.5
2195541	2.5
3670937	2.5
4391565	2.5
4436360	2.5
4481616	2.5
2795009	2.5
2237542	2.5
3646393	2.5
2209310	2.5
4433747	2.5
4472392	2.5
3023247	2.5
4397884	2.5
3733070	2.5
4414936	2.5
3311090	2.5
4251762	2.5
3594560	2.5
4441437	2.5
4452785	2.5
4390648	2.5
3668033	2.5
1774547	2.5
3453405	2.5
2064578	2.5
4324383	2.5
3620083	2.5
2921543	2.5
4341516	2.5
3209978	2.5
1856848	2.5
3603152	2.5
1777272	2.5
4364461	2.5
4324832	2.5
2833154	2.5
1838125	2.5
4425357	2.5
2738382	2.5
2074307	2.5
4459688	2.5
2787338	2.5
2852944	2.5
1545876	2.5
1545874	2.5
3670934	2.5
4461296	2.5
3506101	2.5
4328543	2.5
2493502	2.5
4465681	2.5
2919674	2.5
4128051	2.5
3035909	2.5
1734664	2.5
4340795	2.5
3177808	2.5
4465186	2.5
3071263	2.5
3400356	2.5
4403784	2.5
4406078	2.5
4373146	2.5
4364462	2.5
1959228	2.5
2615643	2.5
1777113	2.5
2355001	2.5
2490933	2.5
4447147	2.5
4369376	2.5
3270003	2.5
4472558	2.5
4191301	2.5
3069471	2.5
4385335	2.5
4417393	2.5
4361977	2.5
1847106	2.5
4395368	2.5
4432885	2.5
2941627	2.5
2941615	2.5
4411904	2.5
3129575	2.5
4452687	2.5
4325433	2.5
3813510	2.5
1572117	2.5
3544470	2.5
3164213	2.5
2143193	2.5
3614196	2.5
4450799	2.5
1593226	2.5
3093375	2.5
4338898	2.5
3624677	2.5
3449653	2.5
1695962	2.5
4476036	2.5
4443532	2.5
4435705	2.5
4445865	2.5
4349358	2.5
4345961	2.5
2183541	2.5
291342	2.5
2048825	2.5
3923279	2.5
2944295	2.5
2567755	2.5
4141757	2.5
4359686	2.5
4475907	2.5
4417939	2.5
2805453	2.5
2825795	2.5
4427442	2.5
4438809	2.5
1682991	2.5
4475199	2.5
3450069	2.5
4336526	2.5
4355427	2.5
2772152	2.5
4415031	2.5
4423323	2.5
4380204	2.5
4471600	2.5
3302094	2.5
2568781	2.5
3931402	2.5
2167217	2.5
4440401	2.5
3060693	2.5
4331470	2.5
4415002	2.5
4315044	2.5
4325608	2.5
2545522	2.5
4306245	2.5
4438895	2.5
4449721	2.5
4366315	2.5
2890164	2.5
4402724	2.5
2027464	2.5
4435318	2.5
4412269	2.5
1654750	2.5
4468504	2.5
3793356	2.5
2016292	2.5
3316288	2.5
4035262	2.5
2387996	2.5
4347926	2.5
4482231	2.5
4350054	2.5
4449234	2.5
4326863	2.5
3113490	2.5
4481466	2.5
2082342	2.5
2107886	2.5
4470102	2.5
4350167	2.5
2964355	2.5
3403066	2.5
4434825	2.5
4424567	2.5
2529473	2.5
1778833	2.5
2780570	2.5
1641407	2.5
3784837	2.5
2269844	2.5
4426876	2.5
3347434	2.5
4435687	2.5
2315055	2.5
2578087	2.5
4446065	2.5
2181385	2.5
4449232	2.5
3350509	2.5
4205820	2.5
3429728	2.5
2749087	2.5
4380883	2.5
2521905	2.5
4219227	2.5
4279722	2.5
2093718	2.5
4333827	2.5
4365798	2.5
4395165	2.5
4432973	2.5
4418345	2.5
4353747	2.5
1803612	2.5
4335728	2.5
4423619	2.5
4071382	2.5
3518844	2.5
2380507	2.5
4427860	2.5
1995590	2.5
3995350	2.5
3144801	2.5
3938624	2.5
4025922	2.5
1710493	2.5
1572880	2.5
3046395	2.5
4484071	2.5
4458162	2.5
2639205	2.5
4367651	2.5
4365838	2.5
1957395	2.5
2343955	2.5
4438159	2.5
1555794	2.5
3927842	2.5
3294564	2.5
2578373	2.5
2881201	2.5
4372474	2.5
2592498	2.5
3074967	2.5
4413793	2.5
2093723	2.5
4405554	2.5
4436419	2.5
3432987	2.5
4455518	2.5
4391089	2.5
4452133	2.5
2397798	2.5
2131003	2.5
4021671	2.5
4352272	2.5
3606751	2.5
2876959	2.5
4366936	2.5
1500074	2.5
4327770	2.5
4478322	2.5
4384608	2.5
1792837	2.5
4348062	2.5
3919592	2.5
4257198	2.5
2164240	2.5
2500769	2.5
3391811	2.5
4346312	2.5
4436016	2.5
4438075	2.5
1928155	2.5
4403193	2.5
4002208	2.5
2183538	2.5
3993084	2.5
4139744	2.5
4438294	2.5
1896636	2.5
4405095	2.5
4468503	2.5
2572348	2.5
3736867	2.5
4429851	2.5
4370075	2.5
2391070	2.5
3145405	2.5
1675605	2.5
4309661	2.5
4194229	2.5
4326155	2.5
2155790	2.5
3874145	2.5
4325114	2.5
4347169	2.5
2138693	2.5
4469018	2.5
3660356	2.5
1712732	2.5
1619366	2.5
4342948	2.5
4020045	2.5
1661571	2.5
4432874	2.5
3250790	2.5
1773520	2.5
4395834	2.5
2658407	2.5
1741358	2.5
4353746	2.5
4447842	2.5
3178558	2.5
2965854	2.5
4354576	2.5
4438922	2.5
3964064	2.5
4251318	2.5
3124874	2.5
3858501	2.5
2347792	2.5
2244255	2.5
4342401	2.5
4474331	2.5
3808142	2.5
1563881	2.5
3282593	2.5
4484192	2.5
4062316	2.5
1546788	2.5
3012751	2.5
2818409	2.5
4359522	2.5
4327435	2.5
4450043	2.5
3259735	2.5
1622423	2.5
1995591	2.5
2007848	2.5
4417994	2.5
2818418	2.5
3569809	2.5
4447300	2.5
3049165	2.5
4360232	2.5
4335485	2.5
1663900	2.5
4454354	2.5
4472337	2.5
4359519	2.5
3166864	2.5
2344909	2.5
2043163	2.5
2045752	2.5
2988482	2.5
2763495	2.5
4191306	2.5
4362934	2.5
2979581	2.5
4343174	2.5
4416377	2.5
1697473	2.5
2262030	2.5
4376017	2.5
4372374	2.5
4358676	2.5
4360308	2.5
4392864	2.5
3542640	2.5
1818104	2.5
2291530	2.5
4386321	2.5
2150549	2.5
4326283	2.5
1766140	2.5
4039493	2.5
2538343	2.5
3008036	2.5
3079736	2.5
4376956	2.5
2502995	2.5
2268865	2.5
1535392	2.5
3302093	2.5
2089433	2.5
1626534	2.5
2877484	2.5
2558487	2.5
3353113	2.5
4324657	2.5
1501839	2.5
3015890	2.5
4390068	2.5
4428208	2.5
4482155	2.5
4313249	2.5
4318005	2.5
3411521	2.5
4397830	2.5
3156913	2.5
1959220	2.5
4472919	2.5
4445030	2.5
3707043	2.5
3714472	2.5
2142223	2.5
4416259	2.5
4394501	2.5
4461661	2.5
2521909	2.5
3576920	2.5
4411761	2.5
4190319	2.5
1580382	2.5
3972255	2.5
1749788	2.5
2077977	2.5
3661868	2.5
4408592	2.5
2051284	2.5
2353871	2.5
2707300	2.5
4412861	2.5
4350388	2.5
2096478	2.5
1589675	2.5
4483134	2.5
4481431	2.5
4340289	2.5
4403436	2.5
3841428	2.5
2496582	2.5
1934379	2.5
4334682	2.5
1862187	2.5
4409876	2.5
4401679	2.5
2700819	2.5
4454350	2.5
3263854	2.5
3880004	2.5
2181800	2.5
2612552	2.5
4184569	2.5
2614500	2.5
3506765	2.5
1646509	2.5
4189608	2.5
3564431	2.5
4444098	2.5
1534463	2.5
2350161	2.5
2806314	2.5
4470858	2.5
3549314	2.5
4417766	2.5
4392697	2.5
4343733	2.5
4358763	2.5
4171939	2.5
2124558	2.5
4436667	2.5
4380073	2.5
4359722	2.5
1516176	2.5
4404276	2.5
2973084	2.5
4371678	2.5
3828835	2.5
1953121	2.5
4449588	2.5
2124557	2.5
2388993	2.5
4409783	2.5
4371961	2.5
1942018	2.5
2659563	2.5
2150553	2.5
4326278	2.5
3152885	2.5
4438927	2.5
2592156	2.5
2362679	2.5
3630758	2.5
3453401	2.5
2332661	2.5
2812398	2.5
2124552	2.5
3867723	2.5
4280621	2.5
2920559	2.5
4450222	2.5
2941622	2.5
1774544	2.5
2745915	2.5
3942049	2.5
4039131	2.5
2083097	2.5
4355712	2.5
1661348	2.5
3685724	2.5
1894059	2.5
4108885	2.5
4416495	2.5
3098812	2.5
3983358	2.5
4483133	2.5
4398513	2.5
1959224	2.5
3391226	2.5
2393193	2.5
4342608	2.5
1967725	2.5
4243547	2.5
4334293	2.5
4406071	2.5
1642039	2.5
2726983	2.5
2247378	2.5
448685	2.5
772999	2.5
653186	2.5
2849734	2.5
2849733	2.5
4439779	2.5
3718738	2.5
1661970	2.5
4383319	2.5
4377395	2.5
4435977	2.5
4412235	2.5
1661972	2.5
3334888	2.5
3601529	2.5
4468509	2.5
2700812	2.5
1774545	2.5
2026537	2.5
1729776	2.5
1670668	2.5
1811207	2.5
2056317	2.5
4374690	2.5
3974608	2.5
2706298	2.5
4412698	2.5
2697645	2.5
4359524	2.5
3668416	2.5
4464878	2.5
2659566	2.5
1579087	2.5
4445570	2.5
4065003	2.5
2945206	2.5
4434405	2.5
4353528	2.5
3969838	2.5
2624941	2.5
4425827	2.5
3078939	2.5
3871843	2.5
2313895	2.5
4479183	2.5
3696690	2.5
3036691	2.5
3936553	2.5
4468293	2.5
4353336	2.5
2047261	2.5
3019705	2.5
4362904	2.5
2947316	2.5
4423785	2.5
4454380	2.5
3658166	2.5
1705125	2.5
3507147	2.5
4443535	2.5
4370260	2.5
3981293	2.5
4435962	2.5
2460398	2.5
3241517	2.5
1615889	2.5
4383367	2.5
2051681	2.5
4455572	2.5
4401236	2.5
4386227	2.5
3923284	2.5
2887850	2.5
2177516	2.5
2046738	2.5
2272659	2.5
1571223	2.5
4411617	2.5
4462583	2.5
4353521	2.5
2350501	2.5
1980583	2.5
3540328	2.5
4307854	2.5
4482502	2.5
4390438	2.5
3105773	2.5
1666645	2.5
4465812	2.5
1663571	2.5
3651131	2.5
4013057	2.5
4348211	2.5
4442505	2.5
4442098	2.5
3936547	2.5
4479824	2.5
4372152	2.5
4381470	2.5
1934380	2.5
1995364	2.5
2116008	2.5
4330039	2.5
4348010	2.5
3044605	2.5
4360233	2.5
4378341	2.5
4337361	2.5
4374103	2.5
3620089	2.5
2427931	2.5
4418347	2.5
4477228	2.5
3659819	2.5
2191122	2.5
4284143	2.5
3979502	2.5
4377661	2.5
4360481	2.5
4403855	2.5
4466367	2.5
2493619	2.5
1712727	2.5
1712729	2.5
4381029	2.5
2445175	2.5
3613878	2.5
1932912	2.5
4438736	2.5
2119845	2.5
4401680	2.5
2394314	2.5
3093367	2.5
4482265	2.5
4425467	2.5
3907635	2.5
3074205	2.5
2326963	2.5
2945201	2.5
2945200	2.5
2529472	2.5
4394503	2.5
2649200	2.5
4382393	2.5
1957398	2.5
1733111	2.5
2950915	2.5
2936180	2.5
4384418	2.5
2806898	2.5
3261679	2.5
3291527	2.5
2015038	2.5
4244415	2.5
3546758	2.5
4243539	2.5
4423611	2.5
4395789	2.5
3350658	2.5
4363865	2.5
4483212	2.5
2252937	2.5
4432886	2.5
3993089	2.5
3707257	2.5
3053790	2.5
3449645	2.5
3449648	2.5
4349970	2.5
4400502	2.5
3731036	2.5
1580380	2.5
2015430	2.5
2497255	2.5
2022296	2.5
4408019	2.5
3333582	2.5
3408730	2.5
2120212	2.5
2468729	2.5
4354774	2.5
4386320	2.5
1535393	2.5
2476930	2.5
4413405	2.5
4414871	2.5
3917515	2.5
3676489	2.5
2022302	2.5
1997343	2.5
4454818	2.5
4336527	2.5
286248	2.5
4328803	2.5
130664	2.5
66045	2.5
155432	2.5
139957	2.5
14525	2.5
14521	2.5
718987	2.5
14524	2.5
562637	2.5
336122	2.5
278715	2.5
279564	2.5
278229	2.5
312554	2.5
960674	2.5
4095272	2.5
677205	2.5
370005	2.5
357246	2.5
358773	2.5
357981	2.5
368467	2.5
368125	2.5
367637	2.5
361657	2.5
358417	2.5
366935	2.5
359404	2.5
368619	2.5
362897	2.5
364244	2.5
1113967	2.5
1114961	2.5
4430180	2.5
2246915	2.5
4344185	2.5
4473197	2.5
4451618	2.5
4392329	2.5
4411759	2.5
2401002	2.5
1773555	2.5
4370861	2.5
4474927	2.5
4355485	2.5
4370353	2.5
4479295	2.5
3110818	2.5
2611129	2.5
3806411	2.5
3465091	2.5
2191695	2.5
4448830	2.5
3302091	2.5
1867726	2.5
3967093	2.5
3960875	2.5
4423614	2.5
4326355	2.5
1715663	2.5
2014334	2.5
2474441	2.5
4336638	2.5
4416669	2.5
4404303	2.5
4414199	2.5
4031165	2.5
3975986	2.5
2568793	2.5
2104083	2.5
4367642	2.5
2881205	2.5
3366422	2.5
2329364	2.5
4361865	2.5
4030832	2.5
2314402	2.5
2984001	2.5
3384049	2.5
3625905	2.5
2371314	2.5
3974605	2.5
4410533	2.5
4303189	2.5
4465455	2.5
4413773	2.5
2177519	2.5
1839424	2.5
2551329	2.5
4346105	2.5
4365904	2.5
4205816	2.5
4471459	2.5
3464694	2.5
4410556	2.5
4343151	2.5
4459836	2.5
2934939	2.5
2149172	2.5
1640466	2.5
3808360	2.5
1688513	2.5
4406748	2.5
4276549	2.5
4465162	2.5
4158925	2.5
1661966	2.5
2578375	2.5
2572355	2.5
3511773	2.5
3227214	2.5
1670612	2.5
4417699	2.5
4459059	2.5
4330055	2.5
2312625	2.5
4471462	2.5
4317805	2.5
1840958	2.5
2393315	2.5
3917523	2.5
3511771	2.5
3683279	2.5
3518852	2.5
4454403	2.5
4436142	2.5
4351651	2.5
2443707	2.5
1708372	2.5
4483302	2.5
1982590	2.5
2658409	2.5
4014311	2.5
4367250	2.5
4420373	2.5
4420378	2.5
4456230	2.5
2859133	2.5
3687496	2.5
2539029	2.5
4368918	2.5
2881204	2.5
2751959	2.5
4184573	2.5
4380949	2.5
2156165	2.5
4279721	2.5
2145865	2.5
3938625	2.5
1618366	2.5
2173267	2.5
4467680	2.5
1627938	2.5
4467502	2.5
2849873	2.5
4458734	2.5
4419775	2.5
4150597	2.5
2801516	2.5
2944589	2.5
4384880	2.5
4185338	2.5
2600159	2.5
3113481	2.5
1840964	2.5
3620672	2.5
4355432	2.5
3567130	2.5
2832972	2.5
3627931	2.5
4475091	2.5
1687542	2.5
3938626	2.5
2053006	2.5
4472596	2.5
4389378	2.5
3740840	2.5
4476967	2.5
4343997	2.5
4350292	2.5
4391714	2.5
4432911	2.5
4466927	2.5
1555795	2.5
4408294	2.5
4435548	2.5
2789853	2.5
4361226	2.5
3209984	2.5
4346526	2.5
2132853	2.5
3414223	2.5
4440004	2.5
2578088	2.5
4418423	2.5
3815249	2.5
2578084	2.5
3282594	2.5
1733273	2.5
4388630	2.5
2373044	2.5
4367248	2.5
4371753	2.5
4392694	2.5
2521903	2.5
4213094	2.5
3562040	2.5
4418419	2.5
1959227	2.5
2685541	2.5
4174002	2.5
3801272	2.5
4365536	2.5
3199059	2.5
3222110	2.5
1794906	2.5
4178501	2.5
4416674	2.5
3072606	2.5
4482408	2.5
4158922	2.5
4468502	2.5
1687543	2.5
2852940	2.5
2658059	2.5
2495573	2.5
4446068	2.5
4432306	2.5
4352564	2.5
4139742	2.5
3937547	2.5
4376011	2.5
2178447	2.5
4336500	2.5
4234380	2.5
4323350	2.5
3540664	2.5
3725883	2.5
4438904	2.5
4332419	2.5
4405049	2.5
3947183	2.5
4369830	2.5
4479950	2.5
4438348	2.5
4459058	2.5
3078125	2.5
2340455	2.5
2579806	2.5
4348006	2.5
2578089	2.5
3156944	2.5
4400397	2.5
2668590	2.5
3729647	2.5
1750663	2.5
3250225	2.5
4359169	2.5
4339799	2.5
4442631	2.5
3630754	2.5
2800176	2.5
3547981	2.5
4378962	2.5
4061445	2.5
2689393	2.5
3782559	2.5
2253813	2.5
2651715	2.5
4209164	2.5
4401334	2.5
2501454	2.5
3614194	2.5
4412250	2.5
4392606	2.5
4416848	2.5
2893368	2.5
2049243	2.5
243599	2.5
4351121	2.5
4461484	2.5
1962283	2.5
3983523	2.5
3178559	2.5
4442975	2.5
588865	2.5
4332193	2.5
4447044	2.5
4480540	2.5
2195543	2.5
2272570	2.5
4120221	2.5
3541550	2.5
1661967	2.5
3721704	2.5
2008074	2.5
4045356	2.5
3252426	2.5
4413107	2.5
2608003	2.5
4369304	2.5
4341499	2.5
3411256	2.5
3625901	2.5
3104538	2.5
4484098	2.5
4371680	2.5
3314175	2.5
4450044	2.5
4234313	2.5
4330098	2.5
4344672	2.5
3924686	2.5
2800172	2.5
2496918	2.5
4340952	2.5
4442230	2.5
4160578	2.5
4444399	2.5
4403514	2.5
4365873	2.5
4482262	2.5
4454240	2.5
2612351	2.5
1708368	2.5
4351812	2.5
4372175	2.5
4446063	2.5
2558485	2.5
4343730	2.5
3260485	2.5
3824322	2.5
2962667	2.5
4432497	2.5
4454743	2.5
3634151	2.5
4475557	2.5
4344182	2.5
2893577	2.5
4346114	2.5
2226206	2.5
4341085	2.5
3335822	2.5
3906874	2.5
4482463	2.5
4448828	2.5
4384750	2.5
754432	2.5
1132991	2.5
538820	2.5
103397	2.5
246585	2.5
112406	2.5
242338	2.5
3506904	2.5
3945299	2.5
3297564	2.5
2233721	2.5
1507123	2.5
4191307	2.5
3697127	2.5
2145862	2.5
1728069	2.5
4339337	2.5
4411958	2.5
3934305	2.5
3887245	2.5
4208318	2.5
2493217	2.5
1738301	2.5
717955	2.5
2271540	2.5
3508095	2.5
4340947	2.5
1501066	2.5
4367560	2.5
4345571	2.5
3991164	2.5
3855115	2.5
2996178	2.5
4421758	2.5
1649768	2.5
4421195	2.5
2772149	2.5
4384841	2.5
3696411	2.5
4416838	2.5
4428403	2.5
4415450	2.5
1631744	2.5
4280007	2.5
2923852	2.5
4384837	2.5
1913732	2.5
3338168	2.5
4480419	2.5
3688408	2.5
1741677	2.5
2620925	2.5
1559643	2.5
4418420	2.5
4330138	2.5
4226113	2.5
1859686	2.5
4435102	2.5
2578376	2.5
4355085	2.5
4372809	2.5
3151851	2.5
4374335	2.5
4367645	2.5
4354516	2.5
4436294	2.5
3019840	2.5
4461503	2.5
4415020	2.5
4474870	2.5
2393873	2.5
3164300	2.5
1505290	2.5
2032524	2.5
3557965	2.5
1523818	2.5
3883775	2.5
3271199	2.5
4407090	2.5
2521907	2.5
3373554	2.5
4435103	2.5
3413013	2.5
4426596	2.5
4382391	2.5
4373484	2.5
4446889	2.5
3294560	2.5
2572352	2.5
3402039	2.5
2035761	2.5
4346606	2.5
4343993	2.5
4483292	2.5
4462458	2.5
3328496	2.5
4370020	2.5
2807760	2.5
2642736	2.5
4372704	2.5
1614078	2.5
3843888	2.5
3275233	2.5
4324527	2.5
4438157	2.5
3008792	2.5
3214600	2.5
1815965	2.5
4381027	2.5
4394818	2.5
3906796	2.5
4377096	2.5
4406746	2.5
1705314	2.5
4435549	2.5
2272571	2.5
4095697	2.5
3075437	2.5
4069609	2.5
4428473	2.5
3890881	2.5
4367648	2.5
3078942	2.5
3669644	2.5
2945197	2.5
4363306	2.5
4474231	2.5
2253808	2.5
2497256	2.5
4443769	2.5
4359165	2.5
4353767	2.5
4472699	2.5
1717677	2.5
4394817	2.5
3747553	2.5
2917150	2.5
3833985	2.5
4362704	2.5
3587726	2.5
4449581	2.5
3793355	2.5
4409788	2.5
2727920	2.5
2842852	2.5
2367046	2.5
2015033	2.5
3955434	2.5
4415003	2.5
1881163	2.5
2183537	2.5
3359026	2.5
2598543	2.5
4326346	2.5
2592147	2.5
3971975	2.5
4344222	2.5
4332017	2.5
2852950	2.5
3007856	2.5
2766225	2.5
2596083	2.5
2698035	2.5
4452139	2.5
1564095	2.5
4468511	2.5
4476646	2.5
4332008	2.5
2511165	2.5
2893364	2.5
4366988	2.5
4419845	2.5
4137308	2.5
4031717	2.5
3359023	2.5
4178504	2.5
4438295	2.5
3874407	2.5
4064998	2.5
4474368	2.5
2787303	2.5
2541302	2.5
3725882	2.5
3919581	2.5
2806903	2.5
2164238	2.5
4377570	2.5
4232770	2.5
3861291	2.5
3338718	2.5
2981464	2.5
3447243	2.5
4475623	2.5
4385002	2.5
3496626	2.5
3185175	2.5
4368150	2.5
4423618	2.5
4414912	2.5
4025118	2.5
3015895	2.5
3725872	2.5
3448070	2.5
4331446	2.5
4459686	2.5
3934301	2.5
4385692	2.5
4350053	2.5
1986520	2.5
1802279	2.5
4407372	2.5
3740905	2.5
4179577	2.5
4236282	2.5
3651395	2.5
4366031	2.5
3367901	2.5
4397165	2.5
4467707	2.5
4333130	2.5
2696547	2.5
4347458	2.5
3006988	2.5
3914430	2.5
4373947	2.5
3145268	2.5
3124380	2.5
3782558	2.5
1934385	2.5
3768050	2.5
4458829	2.5
1831061	2.5
3571172	2.5
1707682	2.5
2078728	2.5
4414867	2.5
1674213	2.5
3955437	2.5
1980588	2.5
3975983	2.5
3678350	2.5
3715114	2.5
4061442	2.5
4473993	2.5
4205818	2.5
4361821	2.5
3964863	2.5
4404748	2.5
4329761	2.5
1923896	2.5
4417948	2.5
3353112	2.5
3034304	2.5
4287757	2.5
3731029	2.5
3347432	2.5
1651434	2.5
4120230	2.5
2980444	2.5
4244408	2.5
3668044	2.5
3519353	2.5
1853630	2.5
3625904	2.5
3983389	2.5
4482957	2.5
4355434	2.5
4316288	2.5
2320367	2.5
4457420	2.5
3448076	2.5
3296728	2.5
3291525	2.5
3974205	2.5
4373939	2.5
3087610	2.5
3662076	2.5
4351299	2.5
4416331	2.5
2341070	2.5
4399689	2.5
4380782	2.5
2538345	2.5
4368915	2.5
1896635	2.5
3149560	2.5
2400897	2.5
3676496	2.5
4387638	2.5
3064110	2.5
4367154	2.5
4428911	2.5
4387709	2.5
4013315	2.5
4110867	2.5
1980589	2.5
3613877	2.5
1733114	2.5
4446479	2.5
4456864	2.5
2935732	2.5
4387084	2.5
4272800	2.5
2589203	2.5
3758545	2.5
3156939	2.5
2941621	2.5
1959229	2.5
4108886	2.5
2162369	2.5
4236279	2.5
1529601	2.5
4404754	2.5
2603845	2.5
3660360	2.5
4365757	2.5
4415074	2.5
4393850	2.5
3613879	2.5
2519046	2.5
4347525	2.5
3817532	2.5
4441840	2.5
1780500	2.5
1663447	2.5
3391804	2.5
4474868	2.5
4428653	2.5
3528309	2.5
3429727	2.5
3668414	2.5
3895305	2.5
3169929	2.5
3914432	2.5
4394101	2.5
4349777	2.5
4473607	2.5
3223465	2.5
4481501	2.5
3152302	2.5
4324663	2.5
1918057	2.5
3164217	2.5
2393787	2.5
4406134	2.5
4322996	2.5
4414513	2.5
2459790	2.5
4143459	2.5
4349772	2.5
3799835	2.5
4372285	2.5
219792	2.5
4415207	2.5
4336753	2.5
3461652	2.5
4418630	2.5
4468647	2.5
3543905	2.5
4458801	2.5
3236218	2.5
4369959	2.5
4443851	2.5
4483131	2.5
3917520	2.5
2418016	2.5
1870832	2.5
3110110	2.5
4472592	2.5
1736821	2.5
294682	2.5
1961201	2.5
3045142	2.5
369563	2.5
4449586	2.5
4480142	2.5
2269886	2.5
4045361	2.5
262377	2.5
4166220	2.5
2935729	2.5
4408996	2.5
4420944	2.5
4368048	2.5
363839	2.5
360210	2.5
14518	2.5
804509	2.5
792428	2.5
101127	2.5
4310321	2.5
653116	2.5
256759	2.5
791624	2.5
102930	2.5
107801	2.5
265906	2.5
84979	2.5
85346	2.5
14519	2.5
216392	2.5
534338	2.5
677322	2.5
78530	2.5
41783	2.5
655210	2.5
553744	2.5
535887	2.5
359099	2.5
357979	2.5
355520	2.5
106630	2.5
1105681	2.5
4429837	2.5
4427519	2.5
14526	2.5
4298915	2.5
553994	2.5
170259	2.5
4339742	2.5
2286680	2.5
2602862	2.5
4324161	2.5
2805448	2.5
4367698	2.5
4359109	2.5
3948522	2.5
2399696	2.5
3923375	2.5
4388763	2.5
4435817	2.5
2023143	2.5
4419894	2.5
1734881	2.5
1514108	2.5
4446576	2.5
2748679	2.5
2608054	2.5
4400155	2.5
2619987	2.5
1638975	2.5
4440402	2.5
4473585	2.5
3094032	2.5
3792680	2.5
4343863	2.5
4409361	2.5
3907069	2.5
4384411	2.5
4419598	2.5
4359521	2.5
4367649	2.5
3320007	2.5
1543299	2.5
2579802	2.5
3015897	2.5
4373886	2.5
2115528	2.5
4416279	2.5
4390929	2.5
4388383	2.5
2859131	2.5
3731315	2.5
2307941	2.5
4334882	2.5
4384530	2.5
4160305	2.5
1681465	2.5
1779073	2.5
2981473	2.5
3195710	2.5
4466301	2.5
2246910	2.5
3676421	2.5
3605183	2.5
1705318	2.5
1792501	2.5
1999043	2.5
1661979	2.5
4436877	2.5
4435702	2.5
4415028	2.5
4475093	2.5
4466835	2.5
1858514	2.5
4452138	2.5
1834648	2.5
2091364	2.5
4408983	2.5
3685718	2.5
4355430	2.5
2109185	2.5
4383320	2.5
4297947	2.5
3297563	2.5
4324491	2.5
4380072	2.5
4380077	2.5
4409779	2.5
4416036	2.5
3850617	2.5
2244836	2.5
4442366	2.5
4417912	2.5
2824123	2.5
4390522	2.5
2120213	2.5
4370729	2.5
2035764	2.5
4465456	2.5
3213140	2.5
4383366	2.5
3316291	2.5
4472317	2.5
2035760	2.5
3046148	2.5
2928889	2.5
4440180	2.5
4415018	2.5
2290716	2.5
3033058	2.5
3354555	2.5
2835862	2.5
1603623	2.5
3294565	2.5
4414909	2.5
3078938	2.5
4377659	2.5
4065026	2.5
1757390	2.5
4457680	2.5
4209955	2.5
2541299	2.5
3007864	2.5
4190315	2.5
4371581	2.5
3925814	2.5
4455584	2.5
3746474	2.5
4331486	2.5
4336603	2.5
1818006	2.5
4430239	2.5
3218806	2.5
4400503	2.5
3373556	2.5
4367694	2.5
1641395	2.5
4420068	2.5
4411013	2.5
4385512	2.5
4275382	2.5
2547229	2.5
3226567	2.5
1731619	2.5
3800576	2.5
2578092	2.5
4364366	2.5
4377090	2.5
2778337	2.5
3685720	2.5
1615887	2.5
2812401	2.5
2544621	2.5
3016775	2.5
4289646	2.5
4454402	2.5
4413792	2.5
4397462	2.5
2026016	2.5
2427515	2.5
4455582	2.5
4452874	2.5
3535220	2.5
4421221	2.5
2626593	2.5
3105774	2.5
4373891	2.5
2036151	2.5
3788229	2.5
4198785	2.5
3166733	2.5
1532360	2.5
4334697	2.5
4259887	2.5
4099858	2.5
4325605	2.5
4469318	2.5
4326347	2.5
2881208	2.5
3576918	2.5
4436194	2.5
2786544	2.5
4363045	2.5
4141007	2.5
3696406	2.5
4404985	2.5
3919588	2.5
1681468	2.5
4424691	2.5
3925808	2.5
4343999	2.5
4175779	2.5
4438312	2.5
2928890	2.5
4421218	2.5
2252936	2.5
4360779	2.5
4391712	2.5
2016073	2.5
4178730	2.5
4448299	2.5
1741681	2.5
4477854	2.5
3651911	2.5
3567126	2.5
4454639	2.5
4379925	2.5
3862051	2.5
3518856	2.5
3808358	2.5
3261680	2.5
3035480	2.5
1700554	2.5
3100140	2.5
4418492	2.5
4466846	2.5
3991137	2.5
4395467	2.5
3156940	2.5
4391500	2.5
3628591	2.5
4480499	2.5
4344336	2.5
3036606	2.5
4372708	2.5
1564110	2.5
2840484	2.5
4217473	2.5
4021675	2.5
4377400	2.5
2877482	2.5
4481642	2.5
1525748	2.5
4199275	2.5
2595221	2.5
3226570	2.5
3767076	2.5
4050687	2.5
2643941	2.5
4447975	2.5
4391170	2.5
1599275	2.5
2083093	2.5
4375179	2.5
1663903	2.5
4377470	2.5
4388382	2.5
3303758	2.5
2877489	2.5
4435618	2.5
2887476	2.5
4147640	2.5
3311841	2.5
4464588	2.5
2423771	2.5
2746979	2.5
4226112	2.5
4377693	2.5
2226199	2.5
3260986	2.5
4198778	2.5
3587215	2.5
2808998	2.5
3099378	2.5
4314718	2.5
4450791	2.5
4434639	2.5
1808510	2.5
1567701	2.5
4374750	2.5
1733112	2.5
1803214	2.5
4438293	2.5
4147926	2.5
3370127	2.5
1721633	2.5
2186073	2.5
4341569	2.5
2931969	2.5
1920161	2.5
4473817	2.5
4336697	2.5
4462740	2.5
3630755	2.5
4477208	2.5
4412959	2.5
4451616	2.5
4457679	2.5
3333299	2.5
2399697	2.5
2812396	2.5
4289649	2.5
4344216	2.5
4450221	2.5
4244067	2.5
3060937	2.5
4406820	2.5
2397800	2.5
3276307	2.5
3415546	2.5
4466434	2.5
4409800	2.5
2261760	2.5
4367628	2.5
3093384	2.5
4322995	2.5
4446549	2.5
4236285	2.5
2877481	2.5
2306432	2.5
3756128	2.5
2599838	2.5
2779749	2.5
2648017	2.5
3046292	2.5
4323834	2.5
4362905	2.5
4482461	2.5
3692337	2.5
4462580	2.5
2795952	2.5
4403786	2.5
3625705	2.5
4380280	2.5
4362019	2.5
4373916	2.5
2401628	2.5
2442959	2.5
2983931	2.5
4311402	2.5
4464154	2.5
3372582	2.5
3871458	2.5
1896640	2.5
3576921	2.5
4439738	2.5
1553546	2.5
4209163	2.5
4418030	2.5
3991139	2.5
3142362	2.5
4375200	2.5
4405054	2.5
1939697	2.5
3082745	2.5
4448835	2.5
4372182	2.5
2941620	2.5
3041730	2.5
3253507	2.5
3897766	2.5
2519049	2.5
1647043	2.5
2096479	2.5
2293251	2.5
2440868	2.5
4348648	2.5
2022299	2.5
3738346	2.5
3373561	2.5
4434426	2.5
2551489	2.5
3875758	2.5
4397329	2.5
4457337	2.5
2249841	2.5
1674514	2.5
3644505	2.5
1535386	2.5
2036929	2.5
2871097	2.5
3906881	2.5
3825058	2.5
2301029	2.5
4336426	2.5
4359849	2.5
4416839	2.5
2460965	2.5
2598540	2.5
4348320	2.5
2184505	2.5
4351157	2.5
3185606	2.5
3658385	2.5
2185389	2.5
2290715	2.5
1580494	2.5
4368877	2.5
3171943	2.5
2724893	2.5
2648619	2.5
3587852	2.5
2828381	2.5
2808137	2.5
4348506	2.5
4469562	2.5
2658062	2.5
2015035	2.5
2185384	2.5
2237544	2.5
1765860	2.5
1766218	2.5
4179576	2.5
4351819	2.5
3236446	2.5
2876958	2.5
2403053	2.5
3578512	2.5
4330144	2.5
3238619	2.5
4120228	2.5
4450637	2.5
3052316	2.5
1522872	2.5
4473829	2.5
4382936	2.5
2716027	2.5
4343181	2.5
3041057	2.5
3874132	2.5
1513232	2.5
4120227	2.5
3498178	2.5
2973947	2.5
4371677	2.5
3060700	2.5
3659817	2.5
1552153	2.5
2360572	2.5
2312694	2.5
2868668	2.5
4347454	2.5
3329807	2.5
3074203	2.5
3544585	2.5
4428654	2.5
2671123	2.5
3799837	2.5
4324524	2.5
3669641	2.5
2889539	2.5
4397162	2.5
4472838	2.5
3506897	2.5
3506903	2.5
4389167	2.5
4386319	2.5
3640096	2.5
3804982	2.5
3171942	2.5
2350162	2.5
1663908	2.5
3187554	2.5
4349771	2.5
1815964	2.5
4351158	2.5
4337222	2.5
4348360	2.5
3093368	2.5
4091823	2.5
2994400	2.5
4159129	2.5
3156906	2.5
3253508	2.5
2035488	2.5
3008046	2.5
2613476	2.5
3700043	2.5
3074225	2.5
4437093	2.5
3897857	2.5
2278903	2.5
1938967	2.5
3253511	2.5
3626012	2.5
4425356	2.5
3250222	2.5
4398489	2.5
4331974	2.5
3164212	2.5
2487457	2.5
1522871	2.5
4177701	2.5
3440140	2.5
4330734	2.5
3907066	2.5
3110109	2.5
2308146	2.5
3372583	2.5
4326353	2.5
2746345	2.5
303029	2.5
3676374	2.5
4432577	2.5
282847	2.5
2815568	2.5
284454	2.5
3198004	2.5
748245	2.5
4334280	2.5
286318	2.5
702029	2.5
697898	2.5
899840	2.5
1088682	2.5
4472339	2.5
4251315	2.5
4466838	2.5
3147100	2.5
3726225	2.5
3400355	2.5
4415878	2.5
4419648	2.5
4419647	2.5
2519044	2.5
4389049	2.5
369133	2.5
4382934	2.5
4382935	2.5
4199279	2.5
4199283	2.5
3875825	2.5
2624929	2.5
2779748	2.5
4418633	2.5
3034581	2.5
4478323	2.5
4364954	2.5
2401243	2.5
4436197	2.5
3147126	2.5
3055093	2.5
4380887	2.5
3185918	2.5
4468831	2.5
3060695	2.5
4477985	2.5
2166236	2.5
2163946	2.5
2173393	2.5
3538182	2.5
3019903	2.5
3942268	2.5
4469923	2.5
4483130	2.5
3767077	2.5
4465066	2.5
3945303	2.5
3333303	2.5
1789196	2.5
574818	2.5
365040	2.5
357234	2.5
357550	2.5
360975	2.5
357139	2.5
369474	2.5
368004	2.5
357557	2.5
4326852	2.5
4454078	2.5
4380598	2.5
4417767	2.5
4446548	2.5
104518	2.5
104673	2.5
937847	2.5
1052926	2.5
4441664	2.5
1652484	2.5
4420377	2.5
2805450	2.5
2560606	2.5
4021673	2.5
4243540	2.5
3833169	2.5
4427900	2.5
2490893	2.5
2547233	2.5
4331469	2.5
3685715	2.5
3429726	2.5
1639778	2.5
4353644	2.5
1626037	2.5
2685605	2.5
3302090	2.5
2658413	2.5
1663906	2.5
2828387	2.5
4002201	2.5
3474118	2.5
4454242	2.5
3207458	2.5
4464813	2.5
4460385	2.5
1728562	2.5
4406570	2.5
4364324	2.5
4478829	2.5
4383349	2.5
4375170	2.5
4384879	2.5
4357017	2.5
4336302	2.5
2455414	2.5
3353109	2.5
2138692	2.5
4160295	2.5
1652859	2.5
4234218	2.5
4374974	2.5
3390694	2.5
1542913	2.5
4428402	2.5
4378737	2.5
4439177	2.5
2881207	2.5
4377656	2.5
2825788	2.5
4384541	2.5
3297566	2.5
2807812	2.5
4477803	2.5
4340004	2.5
4403339	2.5
4185342	2.5
4445074	2.5
3704035	2.5
4420374	2.5
4331986	2.5
4478884	2.5
1626541	2.5
1639790	2.5
4380950	2.5
4467873	2.5
2538440	2.5
4389745	2.5
1757384	2.5
2560604	2.5
4413796	2.5
3537600	2.5
1771844	2.5
1815970	2.5
3150185	2.5
4473038	2.5
3183924	2.5
3096197	2.5
4419753	2.5
4428910	2.5
4448983	2.5
4416745	2.5
4350226	2.5
3129297	2.5
2493225	2.5
4429715	2.5
4476949	2.5
3155547	2.5
4345592	2.5
2506190	2.5
2312657	2.5
2799029	2.5
2548651	2.5
2113970	2.5
4456227	2.5
2662124	2.5
1792513	2.5
2598536	2.5
2598545	2.5
4341920	2.5
2825790	2.5
4342590	2.5
4425076	2.5
4474497	2.5
4440005	2.5
3995345	2.5
4384604	2.5
4416380	2.5
4452992	2.5
2580616	2.5
3119586	2.5
2251868	2.5
2145868	2.5
4484096	2.5
4377712	2.5
4410478	2.5
4328821	2.5
4334170	2.5
4481725	2.5
4364364	2.5
4346570	2.5
2418009	2.5
4347166	2.5
2472241	2.5
2496916	2.5
3278034	2.5
1949226	2.5
4345666	2.5
4377401	2.5
4411623	2.5
2825797	2.5
2529467	2.5
2529475	2.5
1757388	2.5
4289652	2.5
4483762	2.5
2780564	2.5
3579219	2.5
1687531	2.5
1710489	2.5
4473960	2.5
2520814	2.5
2832758	2.5
2145869	2.5
3073168	2.5
2920558	2.5
1918878	2.5
2707949	2.5
3267511	2.5
1721888	2.5
2841944	2.5
3307009	2.5
2991801	2.5
4474410	2.5
2712847	2.5
2547781	2.5
4210140	2.5
2022295	2.5
4029512	2.5
2599841	2.5
1825776	2.5
4437775	2.5
4161096	2.5
4431128	2.5
2955144	2.5
2955140	2.5
4404979	2.5
4404981	2.5
3297570	2.5
4309302	2.5
4370685	2.5
3085002	2.5
4458168	2.5
4386771	2.5
3021097	2.5
1918875	2.5
4114730	2.5
4325494	2.5
2432656	2.5
1632829	2.5
4184788	2.5
4335706	2.5
2140884	2.5
2766962	2.5
2786041	2.5
3619127	2.5
2183540	2.5
4399462	2.5
2953982	2.5
1931219	2.5
1661968	2.5
4297959	2.5
4427901	2.5
4347778	2.5
4413770	2.5
3414221	2.5
4355125	2.5
3112924	2.5
3622151	2.5
4199277	2.5
4473604	2.5
4436415	2.5
4413278	2.5
2858778	2.5
4417398	2.5
1580378	2.5
2122513	2.5
1727064	2.5
3072359	2.5
4215630	2.5
4346861	2.5
3035836	2.5
4314277	2.5
4372705	2.5
3085648	2.5
2426435	2.5
2972291	2.5
3354557	2.5
2800174	2.5
4428466	2.5
4434819	2.5
4361695	2.5
4420065	2.5
3919591	2.5
1794911	2.5
4347932	2.5
2095626	2.5
1949220	2.5
4478972	2.5
4392701	2.5
2137766	2.5
2662607	2.5
4344217	2.5
3099189	2.5
2965107	2.5
1773584	2.5
4442905	2.5
4404977	2.5
4444562	2.5
4209949	2.5
2520815	2.5
4345924	2.5
4442615	2.5
4335221	2.5
3643333	2.5
3328498	2.5
4390421	2.5
2279669	2.5
4355593	2.5
4419773	2.5
4436741	2.5
4414870	2.5
4414869	2.5
4377141	2.5
4185341	2.5
4340177	2.5
4383335	2.5
3715117	2.5
1602706	2.5
4382868	2.5
3307015	2.5
2220801	2.5
2828386	2.5
1552145	2.5
4104313	2.5
2712846	2.5
4439166	2.5
3955714	2.5
4454635	2.5
4385336	2.5
4345553	2.5
4389034	2.5
4344159	2.5
4383322	2.5
2619994	2.5
2619990	2.5
4479305	2.5
2681937	2.5
4443534	2.5
2935725	2.5
4404980	2.5
2928885	2.5
4209165	2.5
2540433	2.5
4325161	2.5
4416030	2.5
3506766	2.5
2596102	2.5
4232774	2.5
3201686	2.5
4369540	2.5
3253159	2.5
4458828	2.5
1531146	2.5
3630761	2.5
1838128	2.5
2806306	2.5
2280811	2.5
3584827	2.5
4472553	2.5
4434818	2.5
4002197	2.5
1968854	2.5
4467349	2.5
3448429	2.5
4346523	2.5
2132851	2.5
2262031	2.5
4473608	2.5
2947315	2.5
2035757	2.5
4326159	2.5
2483980	2.5
3740561	2.5
3722223	2.5
4463137	2.5
4366364	2.5
2639330	2.5
4418499	2.5
4441662	2.5
2858944	2.5
4469611	2.5
4268100	2.5
4427009	2.5
4324613	2.5
4472286	2.5
4403341	2.5
4062317	2.5
1774980	2.5
4481465	2.5
4224612	2.5
4066908	2.5
4368081	2.5
4368921	2.5
3974603	2.5
3407099	2.5
2661042	2.5
3756383	2.5
4341885	2.5
4437777	2.5
4420072	2.5
3073175	2.5
3129561	2.5
4370896	2.5
4449717	2.5
2540440	2.5
4325157	2.5
3350664	2.5
3145266	2.5
2044588	2.5
3972250	2.5
3138645	2.5
4327056	2.5
2185391	2.5
1661616	2.5
4412119	2.5
4472918	2.5
4366982	2.5
4419841	2.5
4002204	2.5
3744545	2.5
4370351	2.5
4428941	2.5
4333036	2.5
4167880	2.5
2812403	2.5
4476564	2.5
3390924	2.5
4349775	2.5
1776445	2.5
3143223	2.5
2192264	2.5
4339974	2.5
4380199	2.5
2973939	2.5
3974244	2.5
4352459	2.5
2192254	2.5
4428594	2.5
3611650	2.5
2525338	2.5
2712430	2.5
4071922	2.5
1741394	2.5
3333297	2.5
4324792	2.5
3593296	2.5
4391710	2.5
4074387	2.5
2828391	2.5
4359518	2.5
4388384	2.5
1692033	2.5
2598127	2.5
4393905	2.5
3798551	2.5
4367662	2.5
4414907	2.5
4377658	2.5
3427478	2.5
4418632	2.5
2955141	2.5
4437097	2.5
1919350	2.5
2352587	2.5
4325153	2.5
3311843	2.5
1971835	2.5
3778203	2.5
2746981	2.5
1827998	2.5
4452868	2.5
2936741	2.5
4330230	2.5
4407371	2.5
2925800	2.5
1661617	2.5
3333302	2.5
4394102	2.5
2817241	2.5
3665404	2.5
4328798	2.5
3696694	2.5
2175675	2.5
1754948	2.5
2828384	2.5
4392157	2.5
4420381	2.5
3813507	2.5
2991806	2.5
3902345	2.5
4207095	2.5
2313265	2.5
2477732	2.5
4141008	2.5
2490892	2.5
3297562	2.5
4171938	2.5
2466536	2.5
2482759	2.5
4379138	2.5
4351152	2.5
4366251	2.5
3037782	2.5
2932148	2.5
4400582	2.5
4410610	2.5
2462256	2.5
4414204	2.5
2051282	2.5
3171941	2.5
4477592	2.5
4442102	2.5
4024316	2.5
4021669	2.5
2183536	2.5
4454976	2.5
1794916	2.5
2319890	2.5
2579347	2.5
4353920	2.5
4462815	2.5
2308173	2.5
3705201	2.5
1842698	2.5
3708144	2.5
4191304	2.5
4362939	2.5
2772145	2.5
4363738	2.5
4358533	2.5
3265324	2.5
4370894	2.5
3043811	2.5
4455521	2.5
3538832	2.5
4391501	2.5
4367153	2.5
3621833	2.5
3630760	2.5
1885024	2.5
3823344	2.5
1838129	2.5
4475354	2.5
4457733	2.5
2470154	2.5
4472920	2.5
4314637	2.5
4476717	2.5
4380035	2.5
3662661	2.5
4367244	2.5
1840552	2.5
4456573	2.5
4470556	2.5
2479778	2.5
3951384	2.5
2354209	2.5
3757916	2.5
3716706	2.5
2541295	2.5
4349774	2.5
4424558	2.5
2826280	2.5
4345958	2.5
3350660	2.5
2349605	2.5
2164239	2.5
4432083	2.5
4442369	2.5
4444522	2.5
2801522	2.5
4398450	2.5
2290712	2.5
4012417	2.5
4372707	2.5
4454213	2.5
3874015	2.5
2355004	2.5
2350156	2.5
2861155	2.5
3645029	2.5
1562375	2.5
4361693	2.5
3053633	2.5
4346176	2.5
4432904	2.5
4478973	2.5
3705200	2.5
1654754	2.5
4337240	2.5
2887478	2.5
4353648	2.5
3112918	2.5
4418634	2.5
4171934	2.5
4379738	2.5
1989035	2.5
3785613	2.5
4445830	2.5
4343092	2.5
3200318	2.5
2163951	2.5
2163950	2.5
4445185	2.5
4358379	2.5
3614424	2.5
3012787	2.5
4380057	2.5
2280814	2.5
3393028	2.5
3166925	2.5
4366766	2.5
3519351	2.5
4343284	2.5
2624937	2.5
3894463	2.5
1896642	2.5
3883107	2.5
3560244	2.5
3563940	2.5
4479825	2.5
4171937	2.5
4091822	2.5
4325629	2.5
1767456	2.5
4373976	2.5
4454546	2.5
1967711	2.5
3173382	2.5
4371679	2.5
3091577	2.5
3828787	2.5
4380139	2.5
1918067	2.5
2272661	2.5
1722471	2.5
2538338	2.5
1593221	2.5
3054099	2.5
4475868	2.5
4382931	2.5
3408478	2.5
4141003	2.5
4387081	2.5
3007870	2.5
3205150	2.5
4443211	2.5
1882213	2.5
4396982	2.5
4395270	2.5
4481617	2.5
4429711	2.5
3552937	2.5
2091933	2.5
4387167	2.5
4336422	2.5
4429325	2.5
2141313	2.5
3589844	2.5
3362200	2.5
3485138	2.5
4462119	2.5
4164885	2.5
4401390	2.5
2558480	2.5
3936552	2.5
4368916	2.5
4071375	2.5
4435116	2.5
3086218	2.5
3901548	2.5
4437425	2.5
4403437	2.5
3053792	2.5
1566894	2.5
4251760	2.5
3801264	2.5
4013314	2.5
2090029	2.5
3958418	2.5
4108334	2.5
2116509	2.5
4463802	2.5
4467348	2.5
4432902	2.5
3893589	2.5
4362633	2.5
2639446	2.5
1708667	2.5
1612338	2.5
4445757	2.5
3881507	2.5
4346111	2.5
3506104	2.5
1918055	2.5
3975081	2.5
4369373	2.5
1674078	2.5
4333133	2.5
3259968	2.5
3252429	2.5
3569801	2.5
4388318	2.5
4372709	2.5
3487213	2.5
3613880	2.5
3198043	2.5
4361764	2.5
2356396	2.5
3587220	2.5
4388058	2.5
2818408	2.5
3072639	2.5
4399599	2.5
4449463	2.5
3253923	2.5
2478678	2.5
4307119	2.5
4369374	2.5
4325431	2.5
4401255	2.5
3876481	2.5
3124379	2.5
4403173	2.5
4395081	2.5
4297772	2.5
3008047	2.5
4350055	2.5
1980587	2.5
2746344	2.5
4387770	2.5
4380138	2.5
3285244	2.5
4355711	2.5
4418247	2.5
3240126	2.5
3334889	2.5
4357230	2.5
3164216	2.5
4324526	2.5
4473611	2.5
2113026	2.5
4449720	2.5
4361692	2.5
1896639	2.5
2332888	2.5
4375472	2.5
3082746	2.5
2493216	2.5
2350158	2.5
4340794	2.5
2275498	2.5
2507075	2.5
1556827	2.5
4032264	2.5
4029628	2.5
2935807	2.5
4443216	2.5
1774556	2.5
3426408	2.5
2167223	2.5
3539384	2.5
1907549	2.5
4397159	2.5
3074220	2.5
1879221	2.5
4432491	2.5
1722475	2.5
4366892	2.5
4372195	2.5
2619993	2.5
2772146	2.5
4347032	2.5
2620930	2.5
4336740	2.5
4414915	2.5
3974607	2.5
4412569	2.5
3808355	2.5
3841719	2.5
4348007	2.5
3934303	2.5
4454059	2.5
4328419	2.5
3222730	2.5
3683277	2.5
4342404	2.5
2541304	2.5
4387957	2.5
4407880	2.5
3374374	2.5
4435257	2.5
4420975	2.5
4410963	2.5
2899555	2.5
4367703	2.5
2814819	2.5
3030024	2.5
3334991	2.5
4334106	2.5
4416670	2.5
3177270	2.5
2799847	2.5
3808354	2.5
4337220	2.5
3758544	2.5
3676428	2.5
3832469	2.5
2288862	2.5
2445342	2.5
4459837	2.5
4349799	2.5
3366424	2.5
2572350	2.5
4452478	2.5
2341487	2.5
2820250	2.5
1618361	2.5
2580612	2.5
3799747	2.5
4325162	2.5
4371580	2.5
3071262	2.5
3411258	2.5
2252934	2.5
4341361	2.5
2239462	2.5
4329366	2.5
2712854	2.5
3342426	2.5
4207094	2.5
2668603	2.5
4458957	2.5
4045365	2.5
2965098	2.5
3994867	2.5
4392161	2.5
3589848	2.5
1918877	2.5
4405048	2.5
1705308	2.5
3362163	2.5
2113127	2.5
2825789	2.5
3139589	2.5
1503435	2.5
4434429	2.5
2463045	2.5
4336232	2.5
3303334	2.5
3347702	2.5
2112015	2.5
4433476	2.5
4394153	2.5
2558482	2.5
4344223	2.5
4438080	2.5
3051723	2.5
2465213	2.5
1661611	2.5
3059468	2.5
3880006	2.5
2493226	2.5
3240173	2.5
4440952	2.5
1661613	2.5
2598535	2.5
4191309	2.5
2315058	2.5
4108890	2.5
4317806	2.5
4415460	2.5
2598542	2.5
2805449	2.5
4232543	2.5
4401212	2.5
4433002	2.5
4453010	2.5
4337224	2.5
1768314	2.5
4403853	2.5
4310096	2.5
1934384	2.5
2747124	2.5
3876348	2.5
3666989	2.5
4323769	2.5
4158923	2.5
4133695	2.5
1652866	2.5
4420438	2.5
1543681	2.5
3189632	2.5
2374571	2.5
4457352	2.5
3224781	2.5
4207097	2.5
4383144	2.5
2186071	2.5
2617478	2.5
2439856	2.5
3163320	2.5
4398298	2.5
1817605	2.5
4339330	2.5
2751964	2.5
4434034	2.5
3953563	2.5
2639333	2.5
4436518	2.5
4339665	2.5
4472557	2.5
4202721	2.5
2235673	2.5
3634145	2.5
2890163	2.5
1838130	2.5
2829848	2.5
4433091	2.5
2402071	2.5
2240643	2.5
4450698	2.5
4454740	2.5
4369196	2.5
4468512	2.5
4410179	2.5
3599055	2.5
2829363	2.5
4419201	2.5
1714947	2.5
4413079	2.5
4340945	2.5
2156164	2.5
4141788	2.5
4306627	2.5
3915921	2.5
4398771	2.5
4454547	2.5
1549284	2.5
3804987	2.5
1774553	2.5
4368227	2.5
4414913	2.5
3915202	2.5
4380076	2.5
4392698	2.5
2707955	2.5
2289103	2.5
1522881	2.5
4329368	2.5
2535450	2.5
2393359	2.5
3942267	2.5
4207093	2.5
4436359	2.5
4333738	2.5
2941619	2.5
2800181	2.5
4031716	2.5
3881509	2.5
4337358	2.5
4395760	2.5
4326168	2.5
4401335	2.5
4479091	2.5
1603621	2.5
4352897	2.5
4439986	2.5
3486656	2.5
4243541	2.5
2678571	2.5
4484206	2.5
1641401	2.5
4443531	2.5
2416010	2.5
1761642	2.5
4383369	2.5
1618364	2.5
3900677	2.5
2807806	2.5
4350902	2.5
3925811	2.5
4042662	2.5
2086570	2.5
4431125	2.5
1769890	2.5
2277317	2.5
1682409	2.5
4332663	2.5
4404144	2.5
4362979	2.5
4423942	2.5
4362936	2.5
3369885	2.5
4479303	2.5
4404304	2.5
2467433	2.5
4484097	2.5
3549681	2.5
4244334	2.5
4401755	2.5
2553611	2.5
1950498	2.5
3333300	2.5
3605391	2.5
4141005	2.5
4159027	2.5
4461651	2.5
2235367	2.5
3100073	2.5
4405402	2.5
2944937	2.5
2155797	2.5
4402765	2.5
3237901	2.5
4416375	2.5
4481866	2.5
4462928	2.5
4366030	2.5
2124766	2.5
4343527	2.5
2268859	2.5
4397888	2.5
4445202	2.5
3124382	2.5
2664387	2.5
2861157	2.5
2792236	2.5
1572878	2.5
3200137	2.5
2226201	2.5
4427853	2.5
4384577	2.5
4334509	2.5
2362460	2.5
4438923	2.5
4311118	2.5
4416271	2.5
3548596	2.5
1769926	2.5
4402305	2.5
4385511	2.5
3344103	2.5
4403390	2.5
4434822	2.5
4128770	2.5
4372706	2.5
2746348	2.5
3096363	2.5
4482710	2.5
3026793	2.5
4397495	2.5
1764536	2.5
4325683	2.5
4340860	2.5
4416637	2.5
4407089	2.5
4380071	2.5
4357234	2.5
3041961	2.5
3662062	2.5
2301031	2.5
1755056	2.5
3813511	2.5
2506478	2.5
3457673	2.5
4250640	2.5
2837758	2.5
1856880	2.5
1868213	2.5
4166223	2.5
1995367	2.5
4337809	2.5
2588442	2.5
2468190	2.5
1915242	2.5
4226368	2.5
3620085	2.5
3253506	2.5
3264743	2.5
4358982	2.5
3881510	2.5
4465139	2.5
3874011	2.5
2484206	2.5
4244072	2.5
4468053	2.5
2751965	2.5
3060694	2.5
3964859	2.5
3815958	2.5
3101310	2.5
2341873	2.5
2401851	2.5
4355713	2.5
2589211	2.5
2301028	2.5
3879662	2.5
2233946	2.5
3229956	2.5
3415552	2.5
2865931	2.5
4443217	2.5
2367656	2.5
4401678	2.5
4330103	2.5
2180021	2.5
4337109	2.5
2407093	2.5
4337225	2.5
2772150	2.5
3799825	2.5
3096362	2.5
1827950	2.5
1803216	2.5
1674519	2.5
1868340	2.5
4466365	2.5
4370048	2.5
4391502	2.5
3129280	2.5
4329365	2.5
2195538	2.5
4409877	2.5
2353888	2.5
4351574	2.5
4429744	2.5
4366474	2.5
2507085	2.5
2051148	2.5
2825791	2.5
4368691	2.5
4414914	2.5
4393890	2.5
2484351	2.5
362557	2.5
2116314	2.5
4389371	2.5
2581982	2.5
3449650	2.5
4348008	2.5
4324612	2.5
4431126	2.5
4395398	2.5
2860837	2.5
1849766	2.5
4451612	2.5
4472595	2.5
3945301	2.5
4427899	2.5
4367556	2.5
4405556	2.5
2972104	2.5
4336641	2.5
2529466	2.5
4457423	2.5
3927853	2.5
3354850	2.5
1615894	2.5
3648982	2.5
3590967	2.5
4480826	2.5
4418450	2.5
4365540	2.5
2976965	2.5
3713537	2.5
4403062	2.5
3630757	2.5
1938799	2.5
4118555	2.5
2027810	2.5
3267501	2.5
3145402	2.5
3589309	2.5
2982161	2.5
1782700	2.5
4342667	2.5
4438291	2.5
4476034	2.5
3601607	2.5
4413777	2.5
2521403	2.5
2237546	2.5
3587851	2.5
1602311	2.5
4378336	2.5
2548001	2.5
4361229	2.5
4470534	2.5
976035	2.5
4187118	2.5
4474895	2.5
3164606	2.5
2120211	2.5
2120210	2.5
2022301	2.5
4418344	2.5
562704	2.5
85404	2.5
4161099	2.5
4305272	2.5
2955150	2.5
3874399	2.5
4331953	2.5
4323811	2.5
2195540	2.5
3275928	2.5
3658161	2.5
2049241	2.5
4368922	2.5
3555577	2.5
4387707	2.5
356715	2.5
223469	2.5
225416	2.5
223235	2.5
4394154	2.5
3825059	2.5
2491528	2.5
3426406	2.5
3017340	2.5
1980590	2.5
4342823	2.5
4219648	2.5
4469015	2.5
2402067	2.5
1939703	2.5
1515151	2.5
2678580	2.5
4322498	2.5
3521332	2.5
4454241	2.5
4446551	2.5
4392840	2.5
4461501	2.5
38956	2.5
4477469	2.5
299636	2.5
4467201	2.5
4347167	2.5
4438076	2.5
4380040	2.5
3362197	2.5
4403999	2.5
3812304	2.5
4392601	2.5
4430909	2.5
4329766	2.5
2650939	2.5
4382166	2.5
2573946	2.5
4345928	2.5
4375174	2.5
2406618	2.5
2111156	2.5
3594552	2.5
1591064	2.5
4429743	2.5
4352408	2.5
3113492	2.5
1881215	2.5
4331913	2.5
4444569	2.5
1689782	2.5
2671124	2.5
1503434	2.5
4381463	2.5
4345923	2.5
362427	2.5
3933490	2.5
644946	2.5
529278	2.5
518727	2.5
4383148	2.5
4451439	2.5
4437566	2.5
4108889	2.5
3658162	2.5
3449651	2.5
4413795	2.5
3718248	2.5
3489040	2.5
3716397	2.5
2442498	2.5
2808621	2.5
2457262	2.5
3587636	2.5
4367646	2.5
3342416	2.5
3006986	2.5
4332598	2.5
4368923	2.5
3224955	2.5
2881206	2.5
4384843	2.5
4357160	2.5
4428943	2.5
1525740	2.5
2678578	2.5
3234695	2.5
3677483	2.5
3672567	2.5
4029510	2.5
2260976	2.5
4453007	2.5
4376656	2.5
4198501	2.5
3658030	2.5
4410140	2.5
2195544	2.5
3249293	2.5
4061440	2.5
4369194	2.5
2016627	2.5
4353533	2.5
4433382	2.5
4433383	2.5
4280617	2.5
3983353	2.5
2204499	2.5
3936546	2.5
4422090	2.5
3214595	2.5
4415033	2.5
3054045	2.5
1130667	2.5
114369	2.5
615842	2.5
632270	2.5
840061	2.5
817547	2.5
4404210	2.5
4373007	2.5
4073307	2.5
2589204	2.5
4398299	2.5
4349602	2.5
2100833	2.5
151677	2.5
154371	2.5
4360781	2.5
14523	2.5
14522	2.5
538329	2.5
4365283	2.5
4328870	2.5
4378668	2.5
4474150	2.5
4470106	2.5
4359164	2.5
4418490	2.5
2244835	2.5
3333581	2.5
4336637	2.5
4403174	2.5
3583912	2.5
1604175	2.5
4424692	2.5
2548274	2.5
4190318	2.5
4458958	2.5
287481	2.5
1778886	2.5
3572069	2.5
2023151	2.5
2824151	2.5
1786756	2.5
322894	2.5
760565	2.5
4475677	2.5
4392603	2.5
4333325	2.5
2828383	2.5
4468830	2.5
1994710	2.5
4141752	2.5
4481688	2.5
3537164	2.5
2849728	2.5
4398303	2.5
4326284	2.5
4366990	2.5
3689519	2.5
4366473	2.5
4384324	2.5
4403386	2.5
2016632	2.5
4351818	2.5
3683284	2.5
4104724	2.5
2616542	2.5
3415543	2.5
4219644	2.5
4470369	2.5
3815253	2.5
3182740	2.5
4349624	2.5
4482606	2.5
3705207	2.5
4326348	2.5
3651898	2.5
4153279	2.5
2149950	2.5
4447302	2.5
4324609	2.5
4360234	2.5
3487211	2.5
2923494	2.5
4024321	2.5
3196869	2.5
4366983	2.5
4074380	2.5
3237903	2.5
3549317	2.5
4362931	2.5
4460822	2.5
3559543	2.5
1939701	2.5
1607370	2.5
4071927	2.5
2301853	2.5
2808140	2.5
1840965	2.5
2799028	2.5
2751963	2.5
4330096	2.5
3540369	2.5
3372727	2.5
4010423	2.5
2685610	2.5
4403785	2.5
3876957	2.5
4430422	2.5
1699867	2.5
2766322	2.5
3623114	2.5
4472018	2.5
4329364	2.5
4344695	2.5
4267341	2.5
2124767	2.5
4334802	2.5
2143897	2.5
2023599	2.5
1568436	2.5
4414323	2.5
4406079	2.5
2687754	2.5
1774551	2.5
4465927	2.5
2729344	2.5
4153280	2.5
4434037	2.5
4397328	2.5
3602271	2.5
1707686	2.5
4367631	2.5
4365443	2.5
3947179	2.5
4068752	2.5
3235846	2.5
2810006	2.5
3620803	2.5
3059211	2.5
4438311	2.5
2073635	2.5
4350478	2.5
1791900	2.5
2716972	2.5
4324430	2.5
4337814	2.5
2150539	2.5
2081234	2.5
4002203	2.5
2385095	2.5
1803624	2.5
2958975	2.5
4432494	2.5
4147639	2.5
2429257	2.5
2536780	2.5
4429712	2.5
4409738	2.5
2493620	2.5
4471644	2.5
4348004	2.5
4036998	2.5
3517725	2.5
4120224	2.5
4466366	2.5
3046517	2.5
4479004	2.5
2493827	2.5
3391218	2.5
2578091	2.5
2279895	2.5
4423616	2.5
1589497	2.5
3014532	2.5
4362637	2.5
2795131	2.5
2579423	2.5
4481883	2.5
4396074	2.5
4383336	2.5
4324431	2.5
2233992	2.5
1708663	2.5
2254629	2.5
2027145	2.5
2726973	2.5
4403387	2.5
2766326	2.5
4463803	2.5
1913149	2.5
3264736	2.5
4120225	2.5
3285238	2.5
3094190	2.5
661010	2.5
4456858	2.5
363226	2.5
4330738	2.5
3263850	2.5
4334506	2.5
358972	2.5
3185925	2.5
3185924	2.5
1808447	2.5
4484095	2.5
4462822	2.5
4448794	2.5
3152649	2.5
4468056	2.5
4438289	2.5
523983	2.5
4390420	2.5
4395496	2.5
4341921	2.5
359437	2.5
2131447	2.5
103943	2.5
4470368	2.5
3358204	2.5
2316721	2.5
4475659	2.5
1672756	2.5
3485761	2.5
3878229	2.5
4328869	2.5
1603162	2.5
4086185	2.5
4427011	2.5
4437751	2.5
4381349	2.5
2808135	2.5
1532366	2.5
4342268	2.5
4347033	2.5
3095306	2.5
3219943	2.5
3975982	2.5
4398301	2.5
4404887	2.5
4372415	2.5
4363739	2.5
4465454	2.5
3334892	2.5
3651127	2.5
3793179	2.5
4410982	2.5
4375172	2.5
2672116	2.5
4416276	2.5
4367249	2.5
2471868	2.5
3448433	2.5
2604719	2.5
3677251	2.5
4207096	2.5
4343152	2.5
2881209	2.5
4289647	2.5
4435117	2.5
1832951	2.5
4383326	2.5
4297142	2.5
2072539	2.5
3238072	2.5
1728560	2.5
4361117	2.5
3808864	2.5
2910616	2.5
3924671	2.5
4330061	2.5
4470700	2.5
2280813	2.5
4422094	2.5
2820245	2.5
4421198	2.5
4021670	2.5
4422588	2.5
4445611	2.5
3233081	2.5
1821786	2.5
3701505	2.5
4332799	2.5
1670647	2.5
4481867	2.5
3808356	2.5
4379734	2.5
4379736	2.5
4342408	2.5
4370305	2.5
2337138	2.5
1661620	2.5
2658410	2.5
2568821	2.5
3365035	2.5
3685716	2.5
4419602	2.5
3999183	2.5
4459877	2.5
4226749	2.5
4382473	2.5
3659548	2.5
4389335	2.5
2681933	2.5
4454407	2.5
3938627	2.5
4452999	2.5
3261681	2.5
4431131	2.5
4464316	2.5
2566638	2.5
4391707	2.5
4352278	2.5
4367247	2.5
4390927	2.5
1853355	2.5
3886863	2.5
4366803	2.5
3372585	2.5
2612555	2.5
1640459	2.5
2337264	2.5
2795947	2.5
4452875	2.5
4452872	2.5
4454376	2.5
2339690	2.5
2817249	2.5
4279723	2.5
4353609	2.5
3672243	2.5
4335429	2.5
4420376	2.5
4362977	2.5
4456229	2.5
4411619	2.5
3353116	2.5
1830729	2.5
1743514	2.5
2971585	2.5
2580668	2.5
4367706	2.5
2868077	2.5
4416028	2.5
3213715	2.5
3718256	2.5
3241844	2.5
2253804	2.5
2326261	2.5
4335707	2.5
3151721	2.5
2890158	2.5
4326279	2.5
2869262	2.5
4243543	2.5
4469920	2.5
2991807	2.5
1596141	2.5
4424308	2.5
4463519	2.5
4336644	2.5
4484246	2.5
4484294	2.5
4157083	2.5
4347783	2.5
1994709	2.5
3696413	2.5
3876794	2.5
4383368	2.5
2093724	2.5
4333822	2.5
4434431	2.5
1834640	2.5
4351224	2.5
2171459	2.5
2573381	2.5
2163949	2.5
3882487	2.5
2890160	2.5
3078865	2.5
3668433	2.5
4036227	2.5
4375178	2.5
3354553	2.5
4331598	2.5
2120205	2.5
2678573	2.5
4095691	2.5
3926228	2.5
2567750	2.5
4368148	2.5
2109248	2.5
3353114	2.5
3449649	2.5
4347527	2.5
4394598	2.5
3030296	2.5
2446082	2.5
4219224	2.5
3948822	2.5
4440007	2.5
3995355	2.5
4416378	2.5
3938634	2.5
3005034	2.5
3335699	2.5
1503436	2.5
3799746	2.5
4436416	2.5
1635176	2.5
4447880	2.5
4297685	2.5
4126946	2.5
4407404	2.5
1779447	2.5
4233931	2.5
4468054	2.5
3540329	2.5
2589855	2.5
4416837	2.5
2634636	2.5
2549463	2.5
2370099	2.5
1821785	2.5
4416673	2.5
4350373	2.5
4184566	2.5
2560611	2.5
4209170	2.5
4389716	2.5
4480865	2.5
3696405	2.5
2491026	2.5
2799855	2.5
2156166	2.5
2310000	2.5
4367564	2.5
4437774	2.5
1995594	2.5
1618358	2.5
4404308	2.5
4422503	2.5
1826279	2.5
4418491	2.5
3506771	2.5
4378205	2.5
4200920	2.5
3808140	2.5
3156943	2.5
3823345	2.5
4475656	2.5
4454349	2.5
4390516	2.5
1946422	2.5
4392160	2.5
1812476	2.5
4467350	2.5
4370472	2.5
4413251	2.5
3314176	2.5
4326350	2.5
4438290	2.5
4092850	2.5
2521901	2.5
4191308	2.5
4457921	2.5
4479150	2.5
2901643	2.5
3459845	2.5
4464152	2.5
4334762	2.5
2842310	2.5
4161098	2.5
4404305	2.5
2282640	2.5
2955147	2.5
4336501	2.5
4351656	2.5
4379735	2.5
4367641	2.5
4459915	2.5
4456593	2.5
4461504	2.5
2315857	2.5
4332537	2.5
4450803	2.5
4438249	2.5
2961343	2.5
3154039	2.5
4365108	2.5
4365906	2.5
4392163	2.5
2426332	2.5
3918306	2.5
4251312	2.5
4158924	2.5
4349795	2.5
3209982	2.5
3008037	2.5
4161100	2.5
4328868	2.5
4413794	2.5
4349770	2.5
4325160	2.5
4480167	2.5
2128050	2.5
4343994	2.5
3350672	2.5
2451732	2.5
2584896	2.5
4478088	2.5
3582139	2.5
3229962	2.5
4324664	2.5
4390364	2.5
4071928	2.5
3643254	2.5
3450070	2.5
4011868	2.5
3788236	2.5
3275231	2.5
2983929	2.5
1663905	2.5
2600157	2.5
4336128	2.5
4338218	2.5
4469051	2.5
4465011	2.5
4334318	2.5
4392700	2.5
2598544	2.5
4465611	2.5
3885129	2.5
2124768	2.5
4447786	2.5
2008077	2.5
4456285	2.5
3707255	2.5
4381024	2.5
3311840	2.5
4447886	2.5
4450715	2.5
4453129	2.5
2339067	2.5
4383630	2.5
2808136	2.5
4327265	2.5
4445610	2.5
3623082	2.5
4479152	2.5
4393895	2.5
1631748	2.5
4368660	2.5
3971970	2.5
3900679	2.5
4244068	2.5
3572700	2.5
3572701	2.5
2493222	2.5
3662077	2.5
3662061	2.5
2239459	2.5
2195546	2.5
1654751	2.5
1589493	2.5
4291461	2.5
3411247	2.5
4436903	2.5
2077964	2.5
4359672	2.5
3841716	2.5
4011863	2.5
3865498	2.5
4002205	2.5
3776933	2.5
4392155	2.5
3209339	2.5
3464692	2.5
4391007	2.5
4479738	2.5
4380885	2.5
4368919	2.5
3449647	2.5
4347530	2.5
4424566	2.5
3716709	2.5
3374367	2.5
1833926	2.5
4434428	2.5
4444561	2.5
2858779	2.5
3259159	2.5
4360010	2.5
2698034	2.5
4345326	2.5
2394626	2.5
1918880	2.5
4464318	2.5
4425183	2.5
4355596	2.5
4215631	2.5
3163151	2.5
4403783	2.5
4412247	2.5
4409802	2.5
4406081	2.5
4328682	2.5
3823342	2.5
4360235	2.5
2972294	2.5
2773056	2.5
3403073	2.5
4416330	2.5
3883777	2.5
4343278	2.5
4368920	2.5
2523696	2.5
1939700	2.5
3977768	2.5
4411760	2.5
3697130	2.5
4190323	2.5
3902721	2.5
4415073	2.5
4313320	2.5
4355597	2.5
4234371	2.5
4353876	2.5
3347619	2.5
1948010	2.5
2532713	2.5
4394788	2.5
3707042	2.5
4383759	2.5
4327357	2.5
4435118	2.5
3938338	2.5
4453011	2.5
1937039	2.5
4330731	2.5
2939961	2.5
4350906	2.5
4338280	2.5
3700044	2.5
3065114	2.5
2849878	2.5
4476037	2.5
4324608	2.5
4353529	2.5
3496971	2.5
2471670	2.5
4366510	2.5
2403280	2.5
4374584	2.5
4382508	2.5
1672711	2.5
3362164	2.5
2669043	2.5
2792235	2.5
2315226	2.5
3925817	2.5
4471867	2.5
4471870	2.5
1779033	2.5
2273612	2.5
2747122	2.5
1580030	2.5
2393666	2.5
3668035	2.5
1838117	2.5
1670670	2.5
4359845	2.5
3740043	2.5
3740048	2.5
4467346	2.5
3358205	2.5
4377653	2.5
4478321	2.5
1654748	2.5
4390067	2.5
3111186	2.5
2470063	2.5
4402061	2.5
4324614	2.5
2101389	2.5
4331818	2.5
1918874	2.5
2073196	2.5
4403142	2.5
4404425	2.5
4442973	2.5
4385751	2.5
4370518	2.5
4339535	2.5
3105772	2.5
2315057	2.5
4454353	2.5
2800177	2.5
4483472	2.5
4361818	2.5
4095699	2.5
4380881	2.5
4207098	2.5
4326352	2.5
3333580	2.5
3530911	2.5
4328568	2.5
2173394	2.5
4330233	2.5
4390645	2.5
3153478	2.5
2293277	2.5
1777342	2.5
2091935	2.5
4376603	2.5
4401266	2.5
4403428	2.5
4391584	2.5
4470371	2.5
3658389	2.5
4324685	2.5
3537231	2.5
2457865	2.5
4383627	2.5
4398601	2.5
3319965	2.5
3182462	2.5
3008044	2.5
2639326	2.5
2305983	2.5
2469939	2.5
4052616	2.5
4399319	2.5
2301035	2.5
3517724	2.5
3085647	2.5
3453403	2.5
4392607	2.5
4345215	2.5
3598945	2.5
3024046	2.5
2592162	2.5
4414322	2.5
3933489	2.5
4365438	2.5
4455393	2.5
4401681	2.5
4217466	2.5
2064579	2.5
4444411	2.5
4450634	2.5
4337360	2.5
1545877	2.5
4370897	2.5
3060697	2.5
4450636	2.5
2527529	2.5
3453408	2.5
4354004	2.5
2014340	2.5
146157	2.5
306447	2.5
4451029	2.5
531354	2.5
796495	2.5
329591	2.5
235462	2.5
569891	2.5
296530	2.5
297395	2.5
300968	2.5
586894	2.5
2048878	2.5
2303926	2.5
4463520	2.5
366859	2.5
370320	2.5
535231	2.5
4411621	2.5
3978731	2.5
2268857	2.5
284709	0.75
282842	0.75
554457	0.75
276722	0.75
195318	0.75
188972	0.75
181735	0.75
740979	0.75
3314391	0.75
3040271	0.75
3314393	0.75
3314394	0.75
4345138	0.75
129615	0.75
22255	0.75
207669	0.75
4451464	0.75
285068	0.75
4469673	0.75
3314396	0.75
253436	0.75
332151	0.75
3314392	0.75
3314395	0.75
2558692	0.75
3314400	0.75
3032326	0.75
549331	2
567725	2
16783	2
536739	0.5
102088	0.5
4352473	0.5
412223	0.5
577641	0.5
698563	0.5
265638	0.5
834529	0.5
235431	0.5
507004	0.5
1105942	0.5
2908902	0.5
4413180	0.5
1111348	0.5
235396	0.5
540677	0.5
932612	0.5
926228	0.5
1026503	0.5
882243	0.5
1038937	0.5
419765	0.5
584544	7
154138	7
152742	7
152140	7
150800	7
154941	7
154666	7
1112486	7
375527	7
4340500	7
74252	7
100100	7
242664	7
4336822	7
154507	7
155969	7
150709	7
152328	7
156105	7
156158	7
151605	7
155285	7
154634	7
152080	7
151631	7
156108	7
152139	7
156115	7
151924	7
154244	7
156329	7
153179	7
150740	7
150998	7
152585	7
151192	7
154046	7
155788	7
155376	7
150929	7
152975	7
152888	7
151028	7
152256	7
150806	7
152032	7
155347	7
150895	7
151407	7
154713	7
153400	7
152161	7
152372	7
155231	7
154349	7
153663	7
155125	7
154346	7
151530	7
150974	7
151431	7
150938	7
155990	7
154862	7
154450	7
154455	7
153658	7
155747	7
152596	7
151659	7
153771	7
153063	7
151624	7
153358	7
155907	7
153865	7
153685	7
156355	7
155328	7
152461	7
153423	7
156260	7
150964	7
154660	7
151465	7
155664	7
151405	7
154749	7
155662	7
156059	7
155610	7
155930	7
155821	7
155198	7
151802	7
155388	7
153755	7
151516	7
155238	7
155797	7
152634	7
151361	7
152445	7
153884	7
152254	7
152472	7
155903	7
152172	7
152389	7
4391672	7
155997	7
4468023	7
1007898	7
1106944	7
4468020	7
4468022	7
4430858	7
1106483	7
4430859	7
1110852	7
250848	7
765220	7
533416	7
218489	7
537054	7
217414	7
606339	7
3367055	7
4468654	7
151023	7
3405914	7
1130337	7
1106978	7
310656	7
1146961	7
154554	7
154319	7
153643	7
156067	7
574496	7
101827	7
107041	7
73951	7
2311731	7
569532	7
91686	7
199292	7
101679	7
4308839	7
4397099	7
251285	5
142908	5
818254	5
455130	5
585863	5
4322704	3.5
14658	3.5
14655	3.5
4380829	3.5
4311651	3.5
333666	3.5
553653	3.5
1121785	3.5
101466	3.5
149941	3.5
14654	3.5
652802	3.5
611896	3.5
4319638	3.5
4462972	3.5
3997536	3.5
539471	3.5
2444840	3.5
832146	3.5
4323861	3.5
277655	3.5
726500	3.5
28181	3.5
51532	3.5
130020	3.5
131715	3.5
913598	3.5
27557	3.5
28047	3.5
21215	3.5
74232	3.5
158802	3.5
157290	3.5
568517	3.5
235358	3.5
2194134	3.5
512276	3.5
346178	3.5
772116	3.5
332522	3.5
4413303	3.5
295408	3.5
1121802	3.5
130627	3.5
3111381	3.5
821501	3.5
1125043	3.5
151521	3.5
528465	3.5
3111384	3.5
723164	3.5
4462719	3.5
572654	3.5
457472	3.5
944344	3.5
1117257	3.5
1662937	3.5
2616328	3.5
236140	3.5
149567	3.5
149172	3.5
99880	3.5
588870	3.5
157117	3.5
583956	3.5
577304	3.5
548777	3.5
584264	3.5
588475	3.5
773337	3.5
261000	3.5
568780	3.5
631055	3.5
580476	3.5
532660	3.5
3416539	3.5
1118027	3.5
157861	3.5
556885	3.5
805700	3.5
536294	3.5
157632	3.5
157539	3.5
128202	3.5
157486	3.5
158406	3.5
1626620	3.5
561704	3.5
770242	3.5
813771	3.5
67863	3.5
918536	3.5
575302	3.5
2525744	3.5
4311385	3.5
4368163	3.5
144482	3.5
104917	3.5
573801	3.5
4311650	3.5
784201	3.5
799365	3.5
102097	3.5
329350	3.5
820352	3.5
556345	3.5
1038190	3.5
645308	3.5
101612	3.5
101447	3.5
4305137	3.5
4459549	3.5
4395458	3.5
1110217	3.5
510930	3.5
540478	3.5
2239196	3.5
541893	3.5
4452608	3.5
556388	3.5
337846	3.5
4430011	3.5
4430012	3.5
670174	3.5
350988	3.5
812361	3.5
249934	3.5
4390480	3.5
4377221	3.5
161465	3.5
1140360	3.5
820567	3.5
4452551	3.5
245953	3.5
739177	3.5
1105962	3.5
172567	3.5
158213	3.5
172537	3.5
266700	3.5
257200	3.5
46433	3.5
4301491	3.5
4409002	3.5
364872	3.5
173627	3.5
325272	3.5
268728	3.5
225115	3.5
133426	3.5
136220	3.5
224456	3.5
129585	3.5
130391	3.5
719941	3.5
134136	3.5
136086	3.5
2372771	3.5
878493	3.5
1113023	0
1110229	0
1106398	0
570466	0
42224	0
573927	0
4028232	0
4434942	0
4421232	0
630402	0
680756	0
169778	0
74759	0
740992	0
313371	0
349799	0
310246	0
344384	0
330321	0
336242	0
308845	0
332812	0
328629	0
344476	0
317428	0
796964	0
1582787	0
509576	0
93514	0
1107017	0
691681	0
535695	0
7193	0
7195	0
7196	0
553201	0
139087	0
103911	0
4404407	0
138881	0
195697	0
139364	0
139161	0
126856	0
929178	0
978879	0
1097481	0
4485847	0
649811	0
246242	0
369221	0
510352	0
2467298	0
586087	0
125947	0
673761	0
4314102	0
4306173	0
50006	0
127158	0
573717	0
1126164	0
111899	0
359290	0
139410	0
119349	0
119501	0
1133978	0
4427542	0
219926	0
222964	0
218409	0
138980	0
4438023	0
4406002	0
1004457	0
4311005	0
553118	0
1144389	0
1141180	0
2985561	0
1146854	0
79015	2.5
277731	2.5
183011	2.5
552479	2.5
1147405	2.5
94681	2.5
777989	2.5
72934	2.5
139510	2.5
141558	2.5
240441	2.5
140877	2.5
140822	2.5
114433	2.5
146024	2.5
594285	2.5
509713	2.5
4353714	2.5
4353686	2.5
4386338	2.5
238247	2.5
182234	2.5
80644	2.5
266601	2.5
559980	2.5
191359	2.5
771530	2.5
98959	2.5
109588	2.5
1110031	2.5
61986	2.5
134007	2.5
710905	2.5
752188	2.5
658101	2.5
642481	2.5
619293	2.5
524450	2.5
731743	2.5
540162	2.5
141456	2.5
145001	2.5
4446436	0
263628	0
885675	0
753859	0
919872	0
1016027	0
855563	0
983905	0
766384	0
924539	0
685438	0
947054	0
645312	0
805591	0
4414563	0
4327904	0
2874960	0
2874959	0
4414562	0
4414561	0
811996	0
251398	1
242188	1
309660	1
754930	1
4427822	1
4309162	1
4314953	1
792510	1
693344	1
1132648	1
146494	1
307268	1
28138	20
149299	20
574034	20
578812	20
584916	20
36767	20
151977	20
4338018	20
542973	20
219825	20
1121085	20
152300	20
1104674	20
150406	20
146041	20
4387649	20
4485738	20
673916	20
131660	4
682681	4
639301	4
134520	4
129930	4
4334743	4
137348	4
4316884	4
4357894	4
130015	4
132636	4
128379	4
3682569	4
4347381	4
4298226	4
4341944	4
4381793	4
4341947	4
130097	4
15120	4
107850	4
4325781	4
326330	4
3661031	4
916690	4
4345087	4
161656	4
1541410	4
160039	4
101649	4
185047	4
293860	4
641448	4
112321	4
1144107	4
107848	4
70954	4
1141906	4
73747	4
24230	4
612461	4
770476	4
610175	4
738117	4
790237	4
704811	4
801169	4
777589	4
654118	4
754949	4
742799	4
643396	4
659429	4
663086	4
786558	4
711720	4
720515	4
735617	4
785381	4
766733	4
633240	4
735594	4
685332	4
789302	4
756668	4
789426	4
693670	4
778586	4
689974	4
793286	4
614775	4
730183	4
641111	4
772073	4
768909	4
745511	4
652709	4
685448	4
678712	4
628647	4
650442	4
799101	4
750380	4
4432314	4
732035	4
631955	4
705446	4
822513	4
717308	4
717443	4
758496	4
667504	4
755892	4
616504	4
700439	4
696777	4
715701	4
794114	4
718253	4
795893	4
618304	4
755471	4
711498	4
769061	4
764301	4
642356	4
673203	4
783558	4
721935	4
693157	4
622951	4
704439	4
107847	4
793611	4
661164	4
656776	4
661033	4
770229	4
794819	4
742163	4
709702	4
4481557	4
622613	4
699376	4
715932	4
754504	4
696168	4
700522	4
800479	4
688740	4
639934	4
618739	4
611329	4
632543	4
643414	4
709818	4
754465	4
798550	4
717861	4
667087	4
668035	4
656220	4
644822	4
271479	4
697538	4
688494	4
656909	4
778016	4
732139	4
677913	4
652479	4
561757	4
819080	4
770762	4
814781	4
702177	4
621220	4
823375	4
708134	4
750951	4
726068	4
611601	4
768453	4
788801	4
1011273	4
613692	4
799149	4
754842	4
656877	4
751118	4
630816	4
1017232	4
732193	4
687759	4
693804	4
647524	4
779381	4
788649	4
777775	4
730952	4
798491	4
658155	4
646824	4
703271	4
717837	4
4321391	4
773974	4
615315	4
742933	4
785066	4
688092	4
709146	4
611431	4
692393	4
732942	4
144067	4
652891	4
4340219	4
641022	4
773894	4
686126	4
819291	4
755237	4
549195	4
710893	4
704123	4
798572	4
694254	4
293557	4
779410	4
757788	4
635935	4
664849	4
666879	4
719767	4
714838	4
644514	4
731568	4
819805	4
743063	4
658823	4
799253	4
822032	4
796577	4
4449490	4
4473180	4
4319828	4
4316892	4
4445332	4
4331169	4
4341939	4
129391	4
132948	4
134046	4
131072	4
129588	4
131628	4
129712	4
138103	4
4468808	4
1991316	4
133803	4
534819	4
590996	4
509657	4
539842	4
556613	4
569613	4
536725	4
591814	4
512425	4
592254	4
546575	4
534055	4
558439	4
4453490	4
4365875	4
4390440	4
512983	4
585337	4
581631	4
588678	4
556719	4
508989	4
571465	4
583568	4
545087	4
539364	4
577534	4
540277	4
573832	4
141615	4
915016	4
1065994	4
982595	4
976768	4
892841	4
860830	4
997877	4
1005544	4
967800	4
791016	4
908589	4
749781	4
1043128	4
620129	4
909955	4
632532	4
590431	4
783511	4
67818	4
187708	4
15119	4
805982	4
2962981	4
2821279	4
181072	4
819612	4
4431576	4
196190	4
278206	4
2170784	4
2170787	4
2170788	4
2170789	4
256709	4
108136	4
945267	4
95745	4
762708	4
4364961	4
1650785	4
2588687	4
4399104	4
2768608	4
4013531	4
868999	4
850758	4
631721	4
694592	4
806395	4
618574	4
619721	4
760339	4
649848	4
553892	4
638503	4
617691	4
782745	4
655189	4
729812	4
567466	4
534343	4
537951	4
792891	4
767616	4
634968	4
626454	4
804485	4
726489	4
4319827	4
4465283	4
4473184	4
4445335	4
4316891	4
358802	4
226565	4
222314	4
219866	4
683860	4
674784	4
55673	4
67822	4
668854	4
770745	4
635155	4
702344	4
686138	4
622469	4
714134	4
723322	4
550377	4
552646	4
557094	4
912935	4
648014	4
723021	0.25
4377694	0.25
2398107	0.25
2172158	0.25
2857800	0.25
3218426	0.25
825069	0.25
821939	0.25
818631	0.25
752759	0.25
141632	0.25
123793	0.25
116487	0.25
121077	0.25
274762	0.25
262290	0.25
108322	0.25
1107835	0.25
2574428	0.25
73570	0.25
330659	0.25
321700	0.25
347155	0.25
305174	0.25
4399681	0.25
320866	0.25
502344	0.25
502393	0.25
348067	0.25
356256	0.25
305023	0.25
4377697	0.25
2280601	0.25
306727	0.25
1818342	0.25
1818340	0.25
4319763	0.25
324220	0.25
4389452	0.25
4304599	0.25
303925	0.25
347299	0.25
306361	0.25
328705	0.25
335155	0.25
305775	0.25
356555	0.25
340830	0.25
320788	0.25
330175	0.25
315303	0.25
329704	0.25
323254	0.25
770381	0.25
72353	0.25
71257	0.25
74457	0.25
344130	0.25
332395	0.25
325147	0.25
141737	0.25
141134	0.25
143717	0.25
144913	0.25
141368	0.25
143783	0.25
141538	0.25
142094	0.25
144236	0.25
157091	0.25
120078	0.25
123373	0.25
694494	0.25
123903	0.25
4412711	0.25
1656944	0.25
348343	0.25
270103	0.25
268914	0.25
548149	0.25
280520	0.25
137421	0.25
72406	0.25
3768997	1.5
4478748	1.5
4422246	1.5
1107713	1.5
240041	1.5
136101	1.5
1105281	1.5
360581	1.5
192082	1.5
1118200	1.5
703546	1.5
108235	1.5
4470470	1.5
192890	1.5
815702	1.5
1521998	1.5
219906	1.5
533999	1.5
242890	1.5
247688	1.5
807942	1.5
319606	1.5
165763	1.5
707429	1.5
753429	1.5
642230	1.5
700375	1.5
761922	1.5
774302	1.5
4477862	1.5
99030	1.5
107836	1.5
99191	1.5
787494	1.5
832569	1.5
138259	1.5
241289	1.5
250626	1.5
4046685	1.5
1107083	1.5
1107807	1.5
251941	1.5
237981	1.5
246800	1.5
252196	1.5
612804	1.5
1075461	1.5
857593	1.5
1048821	1.5
4455299	1.5
140332	1.5
4356797	1.5
14976	2.5
14978	2.5
273725	2.5
14977	2.5
14979	2.5
14981	2.5
820906	2.5
2907883	2.5
877681	2.5
730478	2.5
4309144	2.5
101757	2.5
100761	2.5
101404	2.5
565755	2.5
145329	2.5
148681	2.5
148443	2.5
4345823	2.5
3453729	2.5
4345826	2.5
4345824	2.5
4345825	2.5
579200	2.5
3073588	2.5
188485	2.5
779139	2.5
3287620	2.5
253071	2.5
546049	2.5
4457485	2.5
623184	2.5
626596	2.5
726298	2.5
745050	2.5
221766	2.5
742383	2.5
744334	2.5
101600	2.5
326903	2.5
797641	2.5
4312356	2.5
3817520	2.5
2389635	2.5
3825443	2.5
4399102	2.5
266090	2.5
814627	2.5
1112404	2.5
268727	2.5
3405915	2.5
222848	2.5
3775505	2.5
155620	2.5
522096	2.5
526272	2.5
153381	2.5
4403847	2.5
519539	2.5
226510	2.5
218412	2.5
2674087	2.5
4322746	2.5
4449266	2.5
998840	2.5
4439750	2.5
720909	2.5
4295593	2.5
4322747	2.5
2015946	2.5
4456243	2.5
2398212	2.5
1074351	2.5
735847	2.5
4440368	2.5
4337161	2.5
4357186	2.5
4410349	2.5
4373529	2.5
593664	2.5
1117615	2.5
521862	2.5
4448973	2.5
938005	2.5
806072	2.5
4301841	2.5
2674079	2.5
4311851	2.5
2565139	2.5
4336919	2.5
241886	2.5
4327690	2.5
560591	2.5
2104694	2.5
4397266	2.5
4338360	2.5
512691	2.5
3775506	2.5
143504	2.5
812111	2.5
543461	2.5
2309881	2.5
3814624	2.5
4482157	2.5
378310	2.5
255337	2.5
1107116	2.5
660744	2.5
694710	2.5
824171	2.5
556417	2.5
792459	2.5
352460	2.5
348370	2.5
78227	2.5
824821	2.5
821730	2.5
704093	2.5
821736	2.5
44025	2.5
1143667	2.5
44036	2.5
108970	2.5
348501	2.5
310879	2.5
851407	2.5
2119083	2.5
1118688	2.5
220760	2.5
222374	2.5
132766	2.5
85427	2.5
26107	2.5
23206	2.5
22934	2.5
36977	2.5
21252	2.5
18543	2.5
29002	2.5
48387	2.5
38572	2.5
33671	2.5
20955	2.5
457768	2.5
270053	2.5
2819801	2.5
808041	2.5
248992	2.5
4390038	2.5
4332169	2.5
992665	2.5
4308733	2.5
836067	2.5
307933	2.5
316879	2.5
1505941	2.5
175346	2.5
4403487	2.5
4454112	2.5
1137155	2.5
4478727	2.5
2521083	2.5
4355174	2.5
4375251	2.5
4434304	2.5
4477674	2.5
695188	2.5
674825	2.5
675527	2.5
716404	2.5
712083	2.5
627025	2.5
696404	2.5
768787	2.5
769386	2.5
704862	2.5
764918	2.5
4484802	2.5
4443437	2.5
144100	2.5
825642	2.5
101507	2.5
4323234	2.5
802956	2.5
91442	2.5
4481766	2.5
161611	2.5
141427	2.5
4305508	2.5
4387684	2.5
304855	2.5
269950	2.5
513131	2.5
819964	2.5
4037966	2.5
1120824	2.5
4401349	2.5
1088362	2.5
1019658	2.5
976194	2.5
960943	2.5
1066866	2.5
1002136	2.5
964068	2.5
801579	2.5
782459	2.5
704327	2.5
767847	2.5
767281	2.5
776693	2.5
662427	2.5
210009	2.5
215322	2.5
829544	2.5
984979	2.5
701265	2.5
1100709	2.5
780821	2.5
4466489	2.5
817486	2.5
568038	2.5
2674088	2.5
72583	2.5
4344995	2.5
22582	2.5
198193	2.5
14984	2.5
247150	2.5
168942	2.5
247350	2.5
171689	2.5
253730	2.5
341026	2.5
907864	2.5
2138481	2.5
3721578	2.5
2668268	2.5
1561454	2.5
3721579	2.5
31069	2.5
722890	2.5
564471	2.5
312712	2.5
553159	2.5
143308	2.5
565250	2.5
540966	2.5
545726	2.5
570442	2.5
775845	2.5
533941	2.5
566301	2.5
536396	2.5
261518	2.5
683227	2.5
687265	2.5
796709	2.5
790399	2.5
692256	2.5
4439279	2.5
234228	2.5
153671	2.5
334318	2.5
153502	2.5
568407	2.5
150922	2.5
1148295	2.5
580296	2.5
33727	2.5
19504	2.5
322254	2.5
4450121	2.5
325355	2.5
4450120	2.5
4450122	2.5
4450123	2.5
728643	2.5
4433351	2.5
775666	2.5
712431	2.5
690580	2.5
708608	2.5
709746	2.5
642577	2.5
802504	2.5
736937	2.5
615814	2.5
629492	2.5
670986	2.5
1555490	2.5
329196	2.5
820122	2.5
131577	2.5
4194872	2.5
14980	2.5
14982	2.5
580342	2.5
815136	2.5
650424	2.5
1111284	2.5
4457309	2.5
531018	2.5
1108882	2.5
1121714	2.5
543196	2.5
1610325	2.5
737814	2.5
4462754	2.5
39415	2.5
4483327	2.5
4483323	2.5
907252	2.5
872167	2.5
721707	2.5
359553	2.5
641796	2.5
312280	2.5
14988	2.5
2115593	2.5
271310	2.5
4298640	2.5
4457310	2.5
811179	2.5
806942	2.5
4319637	2.5
195474	2.5
74854	2.5
816628	2.5
4431338	2.5
586366	2.5
543215	2.5
4449431	2.5
1121166	2.5
123207	2.5
554230	2.5
248109	2.5
4457730	2.5
834773	2.5
1117607	2.5
1119098	2.5
820489	2.5
238208	2.5
50391	2.5
71751	2.5
727129	2.5
563163	2.5
41978	2.5
808854	2.5
4483702	2.5
307666	2.5
1117972	2.5
264070	2.5
4473628	2.5
778536	2.5
1787495	2.5
615862	2.5
457044	2.5
559322	2.5
42176	2.5
672806	2.5
713030	2.5
1135842	2.5
330655	2.5
350707	2.5
4471493	2.5
4446832	2.5
4433819	2.5
255743	2.5
242770	2.5
172605	2.5
169694	2.5
2159322	2.5
4318613	2.5
4454505	2.5
617432	2.5
623204	2.5
4419615	2.5
238814	2.5
242080	2.5
254520	2.5
812401	2.5
4309708	2.5
339258	2.5
805453	2.5
4408520	2.5
1872908	2.5
2446434	2.5
4041434	2.5
4323103	2.5
819505	2.5
815638	2.5
312893	2.5
691806	2.5
724271	2.5
4319560	2.5
822408	2.5
587836	2.5
509099	2.5
656181	2.5
766682	2.5
143196	2.5
1106899	2.5
67860	2.5
119659	2.5
4456222	2.5
540739	2.5
549791	2.5
571497	2.5
820043	2.5
4297659	2.5
522769	2.5
4431344	2.5
4296374	2.5
4371865	2.5
806347	2.5
21894	2.5
821948	2.5
1139470	2.5
1110984	2.5
4417681	2.5
4326136	2.5
4373048	2.5
429491	2.5
3063545	2.5
4301466	2.5
3624091	2.5
4455727	2.5
258575	2.5
789951	2.5
259664	2.5
4337603	2.5
1142006	2.5
1141032	2.5
258498	2.5
140168	2.5
828331	2.5
522264	2.5
4339438	2.5
4409142	2.5
4296048	2.5
4373646	2.5
1033952	2.5
4356334	2.5
4478284	2.5
925748	2.5
4365093	2.5
908950	2.5
966594	2.5
4464024	2.5
4312355	2.5
550810	2.5
1116452	2.5
612759	2.5
774830	2.5
337305	2.5
345984	2.5
4317274	2.5
4375365	2.5
4392931	2.5
804741	2.5
1144768	2.5
812260	2.5
1144277	2.5
39763	2.5
19225	2.5
19002	2.5
52279	2.5
23764	2.5
36376	2.5
39794	2.5
23256	2.5
3492261	2.5
42030	2.5
2159323	2.5
801639	2.5
4338940	2.5
4478283	2.5
4324336	2.5
4339207	2.5
4296370	2.5
4419736	2.5
4428055	2.5
910666	2.5
981517	2.5
4449423	2.5
4449422	2.5
4380600	2.5
1076451	2.5
1093988	2.5
753020	2.5
1036949	2.5
655065	2.5
582707	2.5
592898	2.5
338669	2.5
812477	2.5
4454111	2.5
4407979	2.5
961821	2.5
2721836	2.5
471394	2.5
4009367	2.5
630957	2.5
362008	2.5
70299	2.5
114132	2.5
4344996	2.5
39772	2.5
346402	2.5
569561	2.5
649971	2.5
315912	2.5
741467	2.5
611809	2.5
4440030	2.5
575887	2.5
378146	2.5
99672	2.5
541404	2.5
107112	2.5
549852	2.5
1694264	2.5
172968	2.5
4411221	2.5
1851520	2.5
4411224	2.5
244422	2.5
569802	2.5
811540	2.5
570849	2.5
4411220	2.5
2355310	2.5
590851	2.5
167409	2.5
530227	2.5
515867	2.5
2223597	2.5
451825	2.5
235973	2.5
907846	2.5
4373530	2.5
985518	2.5
4311852	2.5
107939	2.5
14985	2.5
3293041	2.5
4347303	2.5
786320	2.5
4304239	2.5
529798	2.5
1662940	2.5
727429	2.5
107940	2.5
4295232	2.5
263983	2.5
107938	2.5
538592	2.5
1662942	2.5
555510	2.5
107936	2.5
4388513	2.5
1139635	2.5
168216	2.5
104102	2.5
816780	2.5
424538	2.5
140987	2.5
4338357	2.5
4338601	2.5
1065938	2.5
4478736	2.5
4347302	2.5
2444227	2.5
2919931	2.5
242985	2.5
792197	2.5
1116373	2.5
4342145	2.5
819704	2.5
588459	2.5
170101	2.5
4188667	2.5
1119826	2.5
4455283	2.5
4366973	2.5
793832	2.5
767230	2.5
143502	2.5
49078	2.5
162207	2.5
144701	2.5
3509248	2.5
1146200	2.5
777713	2.5
4347304	2.5
4330900	2.5
142219	2.5
4347305	2.5
1116042	2.5
167573	2.5
141049	2.5
4448736	2.5
4344377	2.5
4351420	2.5
4188666	2.5
169795	2.5
159081	2.5
144773	2.5
143089	2.5
4188663	2.5
144269	2.5
142095	2.5
142840	2.5
1136856	2.5
831939	2.5
752775	2.5
164248	2.5
143927	2.5
2061917	2.5
144233	2.5
276424	2.5
142704	2.5
141369	2.5
4432797	2.5
4319636	2.5
4421808	2.5
808937	2.5
144210	2.5
4188662	2.5
4347301	2.5
4188664	2.5
651656	2.5
4188671	2.5
727257	2.5
4348334	2.5
4436394	2.5
739669	2.5
1118895	2.5
207609	2.5
212706	2.5
212212	2.5
215498	2.5
204398	2.5
209666	2.5
216474	2.5
212519	2.5
203962	2.5
211572	2.5
213803	2.5
211923	2.5
751929	2.5
326577	2.5
787327	2.5
333627	2.5
156990	2.5
821165	2.5
813896	2.5
818070	2.5
617412	2.5
308346	2.5
310666	2.5
368064	2.5
591151	2.5
156706	2.5
1120846	2.5
819047	2.5
170018	2.5
2017404	2.5
1958175	2.5
4322745	2.5
106939	2.5
106792	2.5
252784	2.5
1105639	2.5
1108655	2.5
244982	2.5
264344	2.5
141165	2.5
183150	2.5
567658	2.5
310252	2.5
109335	2.5
2239195	2.5
3619168	2.5
808065	2.5
791051	2.5
242364	2.5
804436	2.5
519963	2.5
313209	2.5
816945	2.5
2371419	2.5
819531	2.5
761059	2.5
42508	2.5
31780	2.5
43479	2.5
19282	2.5
16731	2.5
39362	2.5
41414	2.5
25196	2.5
47340	2.5
19710	2.5
32927	2.5
44327	2.5
34462	2.5
20757	2.5
25415	2.5
30216	2.5
559390	2.5
47760	2.5
35652	2.5
284480	2.5
826805	2.5
636664	2.5
960392	2.5
2937629	2.5
249231	2.5
1912761	2.5
771815	2.5
813530	2.5
268957	2.5
4431701	2.5
171528	2.5
822131	2.5
4296361	2.5
4328661	2.5
4307575	2.5
4456224	2.5
91033	2.5
4346755	2.5
168559	2.5
168300	2.5
4309217	2.5
4320105	2.5
4320103	2.5
4376667	2.5
4417113	2.5
4446684	2.5
4446689	2.5
4446690	2.5
4326192	2.5
4299914	2.5
4367313	2.5
4360005	2.5
4468727	2.5
4446692	2.5
172579	2.5
103218	2.5
4483326	2.5
233303	2.5
4479611	2.5
4427046	2.5
793132	2.5
4296049	2.5
4387298	2.5
4343395	2.5
4467896	2.5
4295592	2.5
4391747	2.5
4408839	2.5
280954	2.5
4413516	2.5
4302458	2.5
4299566	2.5
4414368	2.5
4112435	2.5
4424894	2.5
4393767	2.5
4429958	2.5
929386	2.5
644259	2.5
262466	2.5
667894	2.5
769630	2.5
4414698	2.5
4461251	2.5
4480389	2.5
663718	2.5
235891	2.5
222871	2.5
34645	2.5
238836	2.5
821718	2.5
572578	2.5
827947	2.5
585121	2.5
769594	2.5
31358	2.5
311699	2.5
4390359	2.5
575840	2.5
540272	2.5
1146401	2.5
4404359	2.5
4334560	2.5
332510	9.5
690087	9.5
4431692	9.5
207938	9.5
254250	9.5
4381900	9.5
353928	9.5
541894	9.5
101204	9.5
20696	9.5
253865	9.5
4313865	0
1111941	0
4482839	0
277418	0
4294579	0
4451547	0
4372857	0
4302301	0
815078	0
4424414	0
1142986	0
259985	0
277571	0
267504	0
4376887	0
221077	0
2219324	0
4406481	0
4376888	0
200840	0
200741	0
1138320	0
7119	0
254523	0
243909	0
350659	0
1132147	0
125642	0
4416538	0
236153	0
4469250	0
578890	0
361337	0.5
963712	0.5
4303249	0.5
137666	0.5
4319099	0.5
4319100	0.5
4319097	0.5
4319098	0.5
4443052	0.5
4339506	0.5
4298625	0.5
4298620	0.5
1119427	0.5
154948	0.5
796830	0.5
742167	0.5
138159	0.5
77549	0.5
133408	0.5
564367	0.5
659658	0.5
218506	0.5
367749	0.5
547447	0.5
3517878	0.5
4423241	0.5
835035	0.5
969250	0.5
1064244	0.5
788813	0.5
742761	0.5
709907	0.5
732526	0.5
495222	0.5
495236	0.5
495330	0.5
495672	0.5
495681	0.5
1057345	0.5
535878	0.5
936008	0.5
911263	0.5
860842	0.5
1011281	0.5
995264	0.5
932405	0.5
723846	0.5
978731	0.5
750761	0.5
996322	0.5
619796	0.5
1036965	0.5
791297	0.5
854785	0.5
772977	0.5
1102471	0.5
694458	0.5
1070766	0.5
775262	0.5
953618	0.5
708817	0.5
493250	0.5
4485827	0.5
578997	0.5
883648	0.5
746685	0.5
4443054	0.5
4443056	0.5
4338515	0.5
4349569	0.5
4339019	0.5
4319407	0.5
4405666	0.5
4112214	0.5
369322	0.5
679370	0.5
4431398	0.5
1050265	0.5
893616	0.5
1050363	0.5
876606	0.5
1058304	0.5
894862	0.5
610572	0.5
727617	0.5
624894	0.5
937380	0.5
1020993	0.5
993992	0.5
953837	0.5
1042781	0.5
911223	0.5
667965	0.5
871568	0.5
720321	0.5
957113	0.5
697314	0.5
969940	0.5
710618	0.5
879009	0.5
635440	0.5
1099904	0.5
878375	0.5
748156	0.5
825031	0.5
772956	0.5
883357	0.5
888583	0.5
664497	0.5
4359133	0.5
795452	0.5
678218	0.5
702479	0.5
1147027	0.5
1148081	0.5
1146896	0.5
1147384	0.5
1147842	0.5
1147796	0.5
1148161	0.5
660310	0.5
973587	0.5
1077029	0.5
928877	0.5
963246	0.5
1059198	0.5
988276	0.5
614447	0.5
903812	0.5
634004	0.5
4297960	0.5
3675555	0.5
4794	0.5
895733	0.5
1074248	0.5
2904798	0.5
568031	0.5
583678	0.5
587838	0.5
579704	0.5
633341	0.5
258801	0.5
747777	0.5
788170	0.5
726964	0.5
271859	0.5
265975	0.5
640352	0.5
591695	0.5
578153	0.5
149476	0.5
571075	0.5
131002	0.5
79045	0.5
134400	0.5
808850	0.5
1147632	0.5
1147967	0.5
1147326	0.5
1147250	0.5
1147557	0.5
1148272	0.5
1146494	0.5
1148189	0.5
1147222	0.5
1146699	0.5
1146356	0.5
1148226	0.5
1147058	0.5
1146734	0.5
1146692	0.5
345010	0.5
224645	0.5
566049	0.5
585022	0.5
582802	0.5
589187	0.5
577235	0.5
896405	0.5
887320	0.5
923995	0.5
1030605	0.5
1085543	0.5
854470	0.5
628123	0.5
862525	0.5
652952	0.5
917467	0.5
700348	0.5
252480	0.5
244048	0.5
1123730	0.5
132023	0.5
580815	0.5
4791	0.5
774113	0.5
815134	0.5
186356	0.5
1146360	0.5
4345003	0.5
795715	0.5
943135	0.5
1061482	0.5
1064766	0.5
853135	0.5
1082202	0.5
889386	0.5
1008834	0.5
891917	0.5
1014639	0.5
934524	0.5
1057288	0.5
1021342	0.5
936027	0.5
968413	0.5
974765	0.5
1046341	0.5
1093211	0.5
958228	0.5
1017748	0.5
975817	0.5
1005699	0.5
868080	0.5
982328	0.5
882392	0.5
878333	0.5
1084514	0.5
971769	0.5
699007	0.5
139806	0.5
140672	0.5
139935	0.5
139965	0.5
140263	0.5
864005	0.5
1084641	0.5
421277	0.5
403731	0.5
451610	0.5
403407	0.5
591699	0.5
962583	0.5
4319095	0.5
4319096	0.5
4443051	0.5
4298626	0.5
670087	0.5
647580	0.5
799813	0.5
694377	0.5
260640	0.5
37847	0.5
1105518	0.5
138061	0.5
131580	0.5
132069	0.5
1106783	0.5
305193	0.5
1111242	0.5
556859	0.5
807233	0.5
517633	0.5
4793	0.5
571054	0.5
768084	0.5
3242923	0.5
243502	0.5
3129673	0.5
836559	0.5
4212336	0.5
816866	0.5
708923	0.5
1025056	0.5
112286	0.5
1082922	0.5
967669	0.5
1070490	0.5
929914	0.5
1018113	0.5
872245	0.5
1103862	0.5
934131	0.5
1004084	0.5
903718	0.5
914038	0.5
959449	0.5
1099806	0.5
1103421	0.5
898246	0.5
1075415	0.5
993945	0.5
677215	0.5
376073	0.5
934025	0.5
1051591	0.5
996815	0.5
990177	0.5
896214	0.5
935150	0.5
878018	0.5
1078691	0.5
999133	0.5
893166	0.5
876739	0.5
1043763	0.5
940013	0.5
939110	0.5
908374	0.5
1057168	0.5
1080268	0.5
865092	0.5
1016678	0.5
1033773	0.5
749252	0.5
1089520	0.5
724165	0.5
1037589	0.5
605798	0.5
853751	0.5
771754	0.5
1076683	0.5
716146	0.5
1045366	0.5
619539	0.5
1094411	0.5
798972	0.5
877584	0.5
794476	0.5
1021002	0.5
652953	0.5
925996	0.5
644239	0.5
928716	0.5
796491	0.5
1044365	0.5
667209	0.5
711644	0.5
788984	0.5
743826	0.5
694940	0.5
641734	0.5
657059	0.5
665568	0.5
718638	0.5
780692	0.5
777841	0.5
674247	0.5
769796	0.5
691708	0.5
646427	0.5
713729	0.5
638780	0.5
664403	0.5
650869	0.5
616182	0.5
765645	0.5
742573	0.5
691255	0.5
397218	0.5
393276	0.5
441146	0.5
423246	0.5
415788	0.5
462481	0.5
377160	0.5
427675	0.5
465007	0.5
1046761	0.5
1081886	0.5
860177	0.5
688418	0.5
401195	0.5
867669	0.5
141027	0.5
77836	0.5
284372	0.5
488094	0.5
4304860	0.5
609436	0.5
1147333	0.5
1147189	0.5
101275	0.5
1138066	0.5
254337	0.5
255865	0.5
246889	0.5
581205	0.5
546221	0.5
4427269	0.5
1003628	0.5
1077920	0.5
1094178	0.5
867183	0.5
1070834	0.5
1090623	0.5
724781	0.5
1068879	0.5
4382740	0.5
4366390	0.5
4379045	0.5
4450667	0.5
4372331	0.5
4400403	0.5
4390450	0.5
763367	0.5
106967	0.5
101522	0.5
3319379	0.5
4401833	0.5
4401831	0.5
4401836	0.5
4401834	0.5
4401835	0.5
4327283	0.5
4038241	0.5
4327279	0.5
4435132	0.5
4435134	0.5
4796	0.5
312356	0.5
1117472	0.5
242128	0.5
238407	0.5
4370044	0.5
1029396	0.5
1009813	0.5
1074953	0.5
951759	0.5
920650	0.5
622811	0.5
742818	0.5
1014353	0.5
716588	0.5
1000642	0.5
726060	0.5
1030289	0.5
642914	0.5
868758	0.5
704281	0.5
974066	0.5
631278	0.5
1024257	0.5
747853	0.5
888252	0.5
733391	0.5
943648	0.5
766928	0.5
1050108	0.5
720090	0.5
1085639	0.5
1099834	0.5
692650	0.5
244011	0.5
1120482	0.5
1115599	0.5
1119232	0.5
1114723	0.5
1114639	0.5
4408693	0.5
266548	0.5
263862	0.5
259601	0.5
264442	0.5
164706	0.5
4141756	0.5
854341	0.5
937887	0.5
4328432	0.5
278680	0.5
1871	3
232946	3
232258	3
179130	3
186413	3
255312	3
234451	3
243285	3
235381	3
158381	3
1136443	3
95638	3
96944	3
1868	3
95739	3
97295	3
1872	3
4470291	3
3868283	3
4462539	3
2340887	3
4472299	3
3087673	3
4432842	3
4474846	3
4335870	3
2797558	3
2115347	3
2865550	3
1676296	3
1539354	3
4374378	3
4403839	3
2052482	3
1679464	3
836940	3
4457226	3
2572323	3
4434222	3
2115351	3
1778877	3
1778876	3
1677927	3
3416166	3
2937514	3
4018264	3
4330578	3
4374375	3
4348603	3
1714712	3
2568012	3
1113673	3
4373602	3
348606	3
348719	3
3736723	3
4446055	3
464315	3
399125	3
390943	3
343077	3
324238	3
448347	3
410488	3
4374377	3
242219	3
232166	3
4459182	3
247221	3
254509	3
242449	3
236605	3
4018266	3
234732	3
235052	3
227802	3
231279	3
235186	3
235249	3
4457796	3
2052484	3
227840	3
227946	3
232402	3
230112	3
232579	3
232386	3
233452	3
232591	3
233579	3
233554	3
231315	3
232089	3
234165	3
228495	3
245566	3
231468	3
231800	3
232350	3
230468	3
231260	3
231087	3
234078	3
228843	3
232199	3
231732	3
234062	3
234198	3
228148	3
229083	3
229753	3
228092	3
4417545	3
231548	3
227613	3
234399	3
233296	3
229128	3
227634	3
233777	3
234726	3
4357522	3
228800	3
234245	3
231851	3
4331881	3
230643	3
232269	3
253544	3
230584	3
230851	3
1539347	3
4390751	3
244832	3
232007	3
229714	3
234882	3
234578	3
234149	3
233620	3
232510	3
228431	3
232656	3
231353	3
231294	3
227553	3
232219	3
231773	3
228304	3
233142	3
228819	3
227680	3
228596	3
228886	3
228213	3
228933	3
230281	3
232951	3
232081	3
233639	3
227582	3
234812	3
233317	3
229035	3
229438	3
232985	3
234940	3
230750	3
228031	3
228134	3
230820	3
233309	3
228605	3
228501	3
230781	3
169696	3
1869	3
1867	3
240742	3
230467	3
2937207	3
234324	3
4374042	3
25453	3
1123953	5
139155	5
2020022	5
4372107	5
4372104	5
4322926	5
163960	5
169008	5
573746	5
4363701	5
576371	5
550227	5
547723	5
128209	5
4474828	5
4436643	5
1134756	5
368565	5
13198	5
653087	5
567268	5
785730	5
4484411	5
50846	5
4328193	5
684933	5
1115498	5
4378318	5
710230	5
13085	5
133041	5
524880	5
520063	5
4376913	5
276601	5
26897	5
49725	5
163773	5
1142390	5
13047	5
692363	5
247538	5
42140	5
13197	5
1142071	5
550712	0
579201	0
582872	0
593582	0
574504	0
542008	0
538954	0
544470	0
250136	2.5
340034	2.5
4351455	2.5
4306535	2.5
4338880	2.5
318096	2.5
332709	2.5
4126878	2.5
4314833	2.5
1113416	2.5
4478914	2.5
4413065	2.5
268667	2.5
4396899	2.5
239676	2.5
270435	2.5
273454	2.5
236757	2.5
1010051	2.5
1145312	2.5
986967	2.5
513147	2.5
248816	2.5
109223	2.5
4374988	2.5
4484501	2.5
4031104	7
4312606	7
4449660	7
100572	7
404867	7
99460	7
673579	7
424011	7
556428	7
168482	7
137406	7
4395331	7
729033	7
251869	7
3309001	7
4471436	7
100993	7
573866	7
747937	7
694076	7
544500	7
561074	7
104103	7
4312605	7
4306514	7
169152	7
167154	7
167738	7
167076	7
4306115	7
162360	7
754534	7
389615	7
356253	7
4378462	7
777250	7
567491	2
559070	2
549779	2
160745	2
566517	2
571756	2
107838	2
553260	2
4294786	2
4294785	2
4429397	2
581398	2
153267	2
3333609	2
2049796	2
140775	2
836353	2
142133	2
143154	2
296422	2
453005	2
4458444	2
2116461	2
583230	2
250063	2
4376912	4
160550	4
566122	4
4444962	4
4444961	4
1113458	4
1745694	4
4424096	4
835031	4
642533	4
272751	4
1106767	4
1109986	4
1108993	4
1107476	4
1107855	4
1104842	4
1109863	4
227662	4
183456	4
4465295	4
112100	4
112256	4
706310	4
4330891	4
1106245	4
329106	4
820464	4
106959	4
102573	4
2448302	4
529322	4
315568	4
163766	4
819067	4
142286	4
142052	4
132129	4
4337345	4
233401	4
681954	0
306557	0
343660	0
564187	0
30793	0
88447	0
1140332	0
1131723	0
1112532	0
1106271	0
10282	0
270617	0
262516	0
87936	0
87645	0
1111632	0
10293	0
87425	0
87486	0
271357	0
275554	0
258597	0
324222	0
220541	0
10264	0
10267	0
10266	0
87901	0
87269	0
86723	0
88052	0
86767	0
87802	0
87767	0
87965	0
87111	0
86945	0
86932	0
87333	0
10265	0
10257	0
10258	0
254222	0
593987	0
86576	0
87761	0
87583	0
87480	0
353428	0
682622	0
562759	2
1111847	2
569456	2
517799	2
4434973	2
4457728	2
813469	2
4474946	2
1049387	2
261369	2
1855583	2
581995	2
667880	2
41720	2
4307327	2
4100331	2
4351401	2
107091	2
2713012	2
926050	2
3738251	2
3738250	2
743733	2
7875	2
62235	2
758841	2
109470	2
239975	2
3073982	2
4331125	2
159355	2
537724	2
242777	2
217780	2
1114841	2
542343	2
534603	2
548748	2
195400	2
171704	2
163795	2
167357	2
173701	2
165302	2
172127	2
162301	2
162469	2
186839	2
139399	2
751250	2
808120	2
66929	2
2578888	2
363375	2
4424411	2
849384	2
1105752	2
1106932	2
4360262	2
4392787	2
4400405	2
4452896	2
691788	2
579645	2
591532	2
160099	2
648486	2
620469	2
4426085	2
4428793	2
744960	2
106899	2
338661	2
340150	2
558507	2
584713	2
362858	2
219935	2
22966	2
336715	2
41363	2
753923	2
2902342	2
106017	2
539738	2
4402704	2
772966	2
340586	2
579760	2
2482070	2
4393059	2
4336318	2
3006053	2
337354	2
4355847	2
4393285	2
549908	2
4463176	2
4394190	2
4377988	2
3246647	2
4440701	2
3006056	2
2636556	2
4457727	2
4336315	2
337179	2
355335	2
549941	2
4339466	2
4409271	2
343938	2
4409268	2
346166	2
949546	2
844153	2
3794906	2
990995	2
533098	2
552778	2
661921	2
2153560	2
878962	2
1051804	2
993186	2
1075221	2
999110	2
606585	2
940001	2
697904	2
924087	2
730415	2
1050512	2
770506	2
983194	2
631195	2
1050517	2
426599	2
4484073	2
4304206	2
733008	2
550940	2
104184	2
4422235	2
566030	2
1096217	2
114573	2
1142415	2.5
361155	2.5
365298	2.5
1612840	2.5
4295722	2.5
546164	2.5
2378512	2.5
3587576	2.5
151925	2.5
2055161	2.5
803044	2.5
2194466	2.5
4403522	2.5
1107311	2.5
2287395	2.5
712094	2.5
635704	2.5
767083	2.5
565102	2.5
538713	2.5
541463	2.5
559098	2.5
757818	2.5
758150	2.5
761134	2.5
747894	2.5
555361	2.5
542697	2.5
624607	2.5
553889	2.5
539368	2.5
576275	2.5
561415	2.5
739568	2.5
734104	2.5
553518	2.5
559196	2.5
713521	2.5
609246	2.5
667865	2.5
655025	2.5
552390	2.5
782118	2.5
574163	2.5
4374064	2.5
4374068	2.5
4403517	2.5
4374065	2.5
4374069	2.5
4388672	2.5
4469961	2.5
240817	2.5
4442711	2.5
4403523	2.5
4403524	2.5
4403519	2.5
4343903	2.5
4403520	2.5
4403521	2.5
4442712	2.5
4343904	2.5
4403518	2.5
4330259	2.5
1098668	2.5
790769	2.5
4457308	2.5
4457306	2.5
1148129	2.5
4342803	2.5
1147826	2.5
185578	2.5
626231	2.5
572436	2.5
1133474	2.5
110467	2.5
1148125	2.5
4418549	2.5
1147369	2.5
537141	2.5
4369665	2.5
4442710	2.5
4417620	2.5
243128	2.5
4295721	2.5
2363930	2.5
672937	2.5
4308678	2.5
4466425	2.5
589792	2.5
29133	0
17261	0
222720	1.75
163538	1.75
172738	1.75
516319	3
511737	3
338705	3
533624	3
106388	3
4360942	3
265250	3
277564	3
115001	3
259188	3
272141	3
334825	3
115052	3
115043	3
114910	3
114954	3
115134	3
115060	3
115044	3
114938	3
115042	3
115118	3
115094	3
114907	3
114983	3
87995	3.3
4461395	3.3
87528	3.3
87894	3.3
716184	3.3
9077	3.3
94282	3.3
4408025	3.3
4468940	3.3
3271866	3.3
651210	3.3
2106892	3.3
234055	3.3
1107662	3.3
134196	3.3
229009	3.3
809382	3.3
672120	1
711366	1
608326	1
146051	1
708399	1
65323	1
150166	1
635390	1
3180361	1
395366	1
458868	1
533511	1
562526	1
223431	1
6241	1
749750	1
560144	1
40384	1
3426112	1
4289486	1
4365408	1
4365407	1
785517	1
149846	1
149977	1
555265	1
303814	1
226194	1
756406	1
149563	1
146058	1
146464	1
4241434	1
47031	1
4466881	1
793168	1
681870	1
572871	1
19856	1
549225	1
171691	1
21753	1
629897	1
637033	1
753983	1
552514	1
900769	1
604884	1
1034037	1
670197	1
415348	1
446320	1
403923	1
392314	1
65329	1
3407174	1
4355059	1
4355061	1
65327	1
65321	1
65322	1
790289	1
56495	1
670272	1
728802	1
4297701	1
641357	1
326054	1
574646	1
149732	1
148092	1
532603	1
642748	1
552710	1
147363	1
147721	1
146239	1
635919	1
694965	1
147147	1
628789	1
701856	1
148425	1
146712	1
1115838	1
642123	1
573413	1
169921	0
166321	0
814168	0
806765	0
570125	0
1104625	0
582558	0
4352991	0
104251	0
141289	0
141557	0
30295	0
748737	0
4341127	0
556575	0
719768	0
4390621	0
203699	0
144970	0
143003	0
172354	0
147273	0
168103	0
550733	0
82067	0
511749	0
587869	0
547687	0
533774	0
512082	0
563968	0
546987	0
575114	0
510833	0
550906	0
161355	0
161455	0
161424	0
160124	0
159773	0
160530	0
159739	0
160556	0
522980	0
680987	0
610302	0
111031	0
93762	0
668602	0
1105274	0
27914	0
4400547	0
162117	0
169784	0
173225	0
162470	0
170317	0
163704	0
169168	0
171036	0
160546	0
762836	0
556616	0
1143067	0
759618	0
544875	0
630541	0
654604	0
557628	0
574074	0
541837	0
171429	0
110135	0
109811	0
109708	0
835424	0
752281	0
570046	0
1145584	0
160179	0
160966	0
159760	0
161105	0
159725	0
161607	0
110035	0
568548	0
812550	0
820814	0
811065	0
273998	0
260967	0
141798	0
143606	0
554855	0
99687	0
221286	0
326035	0
2321854	0
4313554	0
110024	0
110453	0
109575	0
4418676	0
1034446	0
171808	0
166870	0
162164	0
167500	0
162227	0
173025	0
238844	0
552521	0
552605	0
4449818	0
612404	0
240894	0
589417	0
329225	0
830218	0
835509	0
614036	0
93636	0
4352992	0
739458	0
811080	0
4313983	0
4465215	0
4309360	0
4445589	0
4307742	0
4357036	0
1105873	0
21738	0
62416	0
3390768	0
91646	0
160529	0
160795	0
161331	0
160766	0
160185	0
159974	0
576115	0
628605	0
796027	0
745202	0
512690	0
752980	0
572375	0
560298	0
563044	0
697907	0
513207	0
565169	0
696196	0
740765	0
575738	0
641666	0
670588	0
512611	0
161629	0
49390	0
571055	0
237772	0
267730	0
576810	0
726022	0
553344	0
791566	0
615570	0
742046	0
662879	0
612313	0
635622	0
629232	0
1135535	0
764230	0
4467602	0
3614327	0
41311	0
40252	0
2697008	0
51819	0
48041	0
62394	0
695623	0
581806	0
110970	0
4334436	0
100345	0
801663	0
538468	0
591445	0
4295423	0
4482289	0
574322	0
160741	0
45975	0
109648	0
159690	0
172663	0
164879	0
166148	0
4431206	0
4324808	0
4315459	0
4315458	0
4352224	0
4468371	0
4438121	0
4339079	0
4339080	0
4315456	0
4315457	0
4315461	0
4353971	0
4352223	0
4353968	0
4468368	0
243618	0
238274	0
4468367	0
4323799	0
93668	0
103936	0
100502	0
104086	0
93579	0
93946	0
85203	0
604891	0
93473	0
110459	0
110849	0
110839	0
110095	0
110274	0
110593	0
110537	0
110909	0
109962	0
110028	0
111128	0
109873	0
109996	0
218392	0
224713	0
217770	0
4383819	0
572373	0
625609	0
160946	0
160700	0
160123	0
160845	0
160083	0
160518	0
160998	0
160914	0
160712	0
160654	0
161676	0
160049	0
161349	0
160691	0
161614	0
161265	0
160925	0
159910	0
160056	0
161468	0
160445	0
160722	0
161697	0
110501	0
109530	0
109899	0
110447	0
110616	0
110808	0
4399718	0
4479949	0
1879240	0
22082	0
36148	0
34916	0
34308	0
37769	0
47752	0
160359	0
160387	0
160796	0
160683	0
160851	0
159767	0
160414	0
304425	3
1139900	3
141211	3
154672	3
151446	3
348517	3
331542	3
4474636	3
205365	3
4472641	3
1125016	3
79281	3
811572	3
4417497	3
167238	3
664250	3
623824	3
328658	3
335453	3
517234	3
355308	3
326672	3
317810	3
316200	3
333957	3
321787	3
328678	3
324991	3
339299	3
327707	3
310263	3
305743	3
354101	3
313445	3
312901	3
329554	3
343237	3
332286	3
335897	3
321696	3
304610	3
353776	3
346096	3
312036	3
773577	3
1026846	3
687334	3
615810	3
4109571	3
354646	3
246253	3
244959	3
158819	3
3282152	3
702076	3
1109576	3
1125237	3
1125267	3
4330956	3
1122162	3
1133243	3
1126075	3
1138513	3
1127402	3
1136368	3
1140476	3
1139727	3
1128266	3
4400363	3
4454515	3
1141740	3
1126972	3
1134305	3
4327015	3
4400360	3
4346990	3
1123499	3
1130703	3
1140139	3
109224	3
4071600	3
340206	3
3555374	3
4425768	3
272147	3
4350097	3
278278	3
836877	3
1134618	3
277631	3
808541	0
690594	0
369739	0
701202	0
698165	0
776302	0
739689	0
758087	0
683882	0
670919	0
617755	0
728678	0
650032	0
621773	0
724533	0
647298	0
688996	0
666189	0
721483	0
657408	0
682492	0
612265	0
682309	0
638408	0
718292	0
650704	0
690952	0
729351	0
715956	0
699686	0
661524	0
634477	0
240738	0
722506	0
720975	0
749383	0
683909	0
751063	0
744424	0
648556	0
753163	0
776404	0
753081	0
676685	0
606476	0
671333	0
621758	0
625355	0
654811	0
634365	0
707987	0
618651	0
712274	0
782447	0
627423	0
683830	0
720919	0
628895	0
796434	0
699596	0
636542	0
612338	0
798228	0
621706	0
743815	0
752589	0
728393	0
618557	0
696144	0
659994	0
707943	0
662701	0
681783	0
766334	0
791385	0
34323	0
797129	0
740277	0
641091	0
737372	0
785451	0
623176	0
750537	0
733367	0
799168	0
801922	0
689520	0
767314	0
704754	0
688320	0
609251	0
771102	0
723078	0
782321	0
689305	0
616589	0
742526	0
762803	0
707491	0
793091	0
641516	0
744921	0
778331	0
771247	0
777040	0
685564	0
756188	0
638511	0
663912	0
761285	0
789496	0
715329	0
718924	0
764741	0
757895	0
634189	0
632718	0
664501	0
693431	0
650835	0
666301	0
607534	0
771513	0
668503	0
764549	0
662342	0
712053	0
646074	0
636966	0
706902	0
793412	0
756371	0
710912	0
727038	0
688245	0
730690	0
714388	0
668127	0
803374	0
605417	0
674886	0
643574	0
651121	0
637324	0
734187	0
796216	0
771480	0
774944	0
798580	0
658703	0
655452	0
747506	0
756141	0
798543	0
729139	0
640062	0
781729	0
795798	0
668529	0
726079	0
682065	0
647546	0
785402	0
769699	0
688409	0
661008	0
691827	0
789568	0
629096	0
775983	0
632809	0
660028	0
630387	0
681591	0
734720	0
642598	0
717825	0
786146	0
792553	0
772745	0
676247	0
780201	0
703156	0
614088	0
743160	0
786785	0
1136846	0
363528	0
240021	0
668081	0
621593	0
741613	0
670567	0
768686	0
636634	0
758414	0
675114	0
657090	0
645611	0
364999	0
717176	0
732749	0
781221	0
645295	0
716937	0
795007	0
703631	0
708321	0
776361	0
730280	0
713355	0
682927	0
674545	0
768500	0
634246	0
